Date,Time,Analysis,Identifier 1,Identifier 2,Peak Nr,Is Ref _,Rt,Width,Area All,d 29N2/28N2,d 15N/14N
06/23/20,14:36:59,25821,12AA,"Feddern, AC-PV, 02-20-2018; 100 ul",1,0,47.4,26.5,36.215,0.049,0.049
06/23/20,14:36:59,25821,12AA,"Feddern, AC-PV, 02-20-2018; 100 ul",2,1,92.2,26.8,36.377,0,0
06/23/20,14:36:59,25821,12AA,"Feddern, AC-PV, 02-20-2018; 100 ul",3,0,136.9,26.8,36.368,-0.056,-0.056
06/23/20,14:36:59,25821,12AA,"Feddern, AC-PV, 02-20-2018; 100 ul",4,0,746.8,180.2,19.586,129.518,129.518
06/23/20,14:36:59,25821,12AA,"Feddern, AC-PV, 02-20-2018; 100 ul",5,0,3129.1,26.5,35.097,0.151,0.151
06/23/20,14:36:59,25821,12AA,"Feddern, AC-PV, 02-20-2018; 100 ul",6,1,3173.9,23.8,29.827,0,0
06/23/20,14:36:59,25821,12AA,"Feddern, AC-PV, 02-20-2018; 100 ul",7,0,3218.6,26.8,35.533,-0.106,-0.106
06/23/20,15:32:32,25822,12AA,"Feddern, AC-PV, 02-20-2018; 100 ul",1,0,47.4,26.8,35.732,-0.304,-0.304
06/23/20,15:32:32,25822,12AA,"Feddern, AC-PV, 02-20-2018; 100 ul",2,1,92.4,27.2,36.111,0,0
06/23/20,15:32:32,25822,12AA,"Feddern, AC-PV, 02-20-2018; 100 ul",3,0,136.9,26.8,35.7,-0.097,-0.097
06/23/20,15:32:32,25822,12AA,"Feddern, AC-PV, 02-20-2018; 100 ul",4,0,746.8,180.2,19.98,-125.855,-125.855
06/23/20,15:32:32,25822,12AA,"Feddern, AC-PV, 02-20-2018; 100 ul",5,0,3129.8,26.5,35.102,-0.008,-0.008
06/23/20,15:32:32,25822,12AA,"Feddern, AC-PV, 02-20-2018; 100 ul",6,1,3174.5,23.6,29.702,0,0
06/23/20,15:32:32,25822,12AA,"Feddern, AC-PV, 02-20-2018; 100 ul",7,0,3219.3,26.5,35.464,-0.133,-0.133
06/23/20,16:28:07,25823,12AA,"Feddern, AC-PV, 02-20-2018; 100 ul",1,0,47.7,26.8,35.438,0.531,0.531
06/23/20,16:28:07,25823,12AA,"Feddern, AC-PV, 02-20-2018; 100 ul",2,1,92.2,26.8,35.629,0,0
06/23/20,16:28:07,25823,12AA,"Feddern, AC-PV, 02-20-2018; 100 ul",3,0,136.9,26.8,35.626,0.319,0.319
06/23/20,16:28:07,25823,12AA,"Feddern, AC-PV, 02-20-2018; 100 ul",4,0,559.1,9.4,0.185,-405.928,-405.928
06/23/20,16:28:07,25823,12AA,"Feddern, AC-PV, 02-20-2018; 100 ul",5,0,3131.5,26.5,34.916,0.12,0.12
06/23/20,16:28:07,25823,12AA,"Feddern, AC-PV, 02-20-2018; 100 ul",6,1,3176.2,23.8,29.665,0,0
06/23/20,16:28:07,25823,12AA,"Feddern, AC-PV, 02-20-2018; 100 ul",7,0,3221.1,26.8,35.44,-0.108,-0.108
06/23/20,17:24:18,25824,12AA,"Feddern, AC-PV, 02-20-2018; 100 ul",1,0,47.4,26.3,34.581,0.082,0.082
06/23/20,17:24:18,25824,12AA,"Feddern, AC-PV, 02-20-2018; 100 ul",2,1,92.2,26.8,35.575,0,0
06/23/20,17:24:18,25824,12AA,"Feddern, AC-PV, 02-20-2018; 100 ul",3,0,137.1,26.8,35.605,-0.053,-0.053
06/23/20,17:24:18,25824,12AA,"Feddern, AC-PV, 02-20-2018; 100 ul",4,0,559.5,9.6,0.203,-225.72,-225.72
06/23/20,17:24:18,25824,12AA,"Feddern, AC-PV, 02-20-2018; 100 ul",5,0,1530.7,42.6,27.582,-1.085,-1.085
06/23/20,17:24:18,25824,12AA,"Feddern, AC-PV, 02-20-2018; 100 ul",6,0,1559.8,58.5,1.687,11.473,11.473
06/23/20,17:24:18,25824,12AA,"Feddern, AC-PV, 02-20-2018; 100 ul",7,0,1658.8,77.5,19.686,1.854,1.854
06/23/20,17:24:18,25824,12AA,"Feddern, AC-PV, 02-20-2018; 100 ul",8,0,1752.3,42.8,21.31,0.893,0.893
06/23/20,17:24:18,25824,12AA,"Feddern, AC-PV, 02-20-2018; 100 ul",9,0,1781.3,44.5,16.762,-0.662,-0.662
06/23/20,17:24:18,25824,12AA,"Feddern, AC-PV, 02-20-2018; 100 ul",10,0,1835.9,50,12.494,13.588,13.588
06/23/20,17:24:18,25824,12AA,"Feddern, AC-PV, 02-20-2018; 100 ul",11,0,1986.5,39.3,1.89,-5.543,-5.543
06/23/20,17:24:18,25824,12AA,"Feddern, AC-PV, 02-20-2018; 100 ul",12,0,2030.2,31.8,0.669,4.825,4.825
06/23/20,17:24:18,25824,12AA,"Feddern, AC-PV, 02-20-2018; 100 ul",13,0,2149.1,50.8,11.896,-2.453,-2.453
06/23/20,17:24:18,25824,12AA,"Feddern, AC-PV, 02-20-2018; 100 ul",14,0,2188.2,31.8,14.048,-1.622,-1.622
06/23/20,17:24:18,25824,12AA,"Feddern, AC-PV, 02-20-2018; 100 ul",15,0,2218.7,28,20.762,-8.508,-8.508
06/23/20,17:24:18,25824,12AA,"Feddern, AC-PV, 02-20-2018; 100 ul",16,0,2237.8,44.3,16.245,1.119,1.119
06/23/20,17:24:18,25824,12AA,"Feddern, AC-PV, 02-20-2018; 100 ul",17,0,2362.1,60.4,13.29,-2.709,-2.709
06/23/20,17:24:18,25824,12AA,"Feddern, AC-PV, 02-20-2018; 100 ul",18,0,2447.8,52.9,20.356,2.649,2.649
06/23/20,17:24:18,25824,12AA,"Feddern, AC-PV, 02-20-2018; 100 ul",19,0,2721.8,17.3,0.961,1.62,1.62
06/23/20,17:24:18,25824,12AA,"Feddern, AC-PV, 02-20-2018; 100 ul",20,0,2785.3,26.3,11.384,3.453,3.453
06/23/20,17:24:18,25824,12AA,"Feddern, AC-PV, 02-20-2018; 100 ul",21,0,2866,30.5,0.819,-12.625,-12.625
06/23/20,17:24:18,25824,12AA,"Feddern, AC-PV, 02-20-2018; 100 ul",22,0,3132.3,26.8,35.175,-0.131,-0.131
06/23/20,17:24:18,25824,12AA,"Feddern, AC-PV, 02-20-2018; 100 ul",23,1,3177.2,23.8,29.739,0,0
06/23/20,17:24:18,25824,12AA,"Feddern, AC-PV, 02-20-2018; 100 ul",24,0,3221.9,26.8,35.434,-0.17,-0.17
06/23/20,18:20:33,25825,12AA,"Feddern, AC-PV, 02-20-2018; 100 ul",1,0,47.4,26.8,35.419,0.128,0.128
06/23/20,18:20:33,25825,12AA,"Feddern, AC-PV, 02-20-2018; 100 ul",2,1,92.2,26.8,35.466,0,0
06/23/20,18:20:33,25825,12AA,"Feddern, AC-PV, 02-20-2018; 100 ul",3,0,137.1,26.8,35.702,-0.073,-0.073
06/23/20,18:20:33,25825,12AA,"Feddern, AC-PV, 02-20-2018; 100 ul",4,0,562.6,10.9,0.304,-138.778,-138.778
06/23/20,18:20:33,25825,12AA,"Feddern, AC-PV, 02-20-2018; 100 ul",5,0,1547.4,39.9,30.473,-1.534,-1.534
06/23/20,18:20:33,25825,12AA,"Feddern, AC-PV, 02-20-2018; 100 ul",6,0,1573.8,28.4,0.874,15.681,15.681
06/23/20,18:20:33,25825,12AA,"Feddern, AC-PV, 02-20-2018; 100 ul",7,0,1668.9,72.5,22.961,1.103,1.103
06/23/20,18:20:33,25825,12AA,"Feddern, AC-PV, 02-20-2018; 100 ul",8,0,1759.4,43.3,24.644,0.608,0.608
06/23/20,18:20:33,25825,12AA,"Feddern, AC-PV, 02-20-2018; 100 ul",9,0,1788.4,44.1,19.519,-1.189,-1.189
06/23/20,18:20:33,25825,12AA,"Feddern, AC-PV, 02-20-2018; 100 ul",10,0,1842.3,50,14.305,13.71,13.71
06/23/20,18:20:33,25825,12AA,"Feddern, AC-PV, 02-20-2018; 100 ul",11,0,1993.2,40.3,2.949,-10.639,-10.639
06/23/20,18:20:33,25825,12AA,"Feddern, AC-PV, 02-20-2018; 100 ul",12,0,2035.7,31.3,0.676,-4.292,-4.292
06/23/20,18:20:33,25825,12AA,"Feddern, AC-PV, 02-20-2018; 100 ul",13,0,2152.9,51.8,15.691,-4.928,-4.928
06/23/20,18:20:33,25825,12AA,"Feddern, AC-PV, 02-20-2018; 100 ul",14,0,2191.4,31.1,14.053,-2.459,-2.459
06/23/20,18:20:33,25825,12AA,"Feddern, AC-PV, 02-20-2018; 100 ul",15,0,2221.3,27.8,20.483,-9.438,-9.438
06/23/20,18:20:33,25825,12AA,"Feddern, AC-PV, 02-20-2018; 100 ul",16,0,2240.5,44.7,16.336,1.911,1.911
06/23/20,18:20:33,25825,12AA,"Feddern, AC-PV, 02-20-2018; 100 ul",17,0,2363.6,61.4,16.339,-2.778,-2.778
06/23/20,18:20:33,25825,12AA,"Feddern, AC-PV, 02-20-2018; 100 ul",18,0,2449.3,53.3,20.094,2.988,2.988
06/23/20,18:20:33,25825,12AA,"Feddern, AC-PV, 02-20-2018; 100 ul",19,0,2722.9,17.6,1.093,2.309,2.309
06/23/20,18:20:33,25825,12AA,"Feddern, AC-PV, 02-20-2018; 100 ul",20,0,2786.4,26.3,11.478,3.101,3.101
06/23/20,18:20:33,25825,12AA,"Feddern, AC-PV, 02-20-2018; 100 ul",21,0,2800.6,28,0.739,21.529,21.529
06/23/20,18:20:33,25825,12AA,"Feddern, AC-PV, 02-20-2018; 100 ul",22,0,2866.9,30.9,0.861,-12.713,-12.713
06/23/20,18:20:33,25825,12AA,"Feddern, AC-PV, 02-20-2018; 100 ul",23,0,3132.5,26.8,35.281,0.24,0.24
06/23/20,18:20:33,25825,12AA,"Feddern, AC-PV, 02-20-2018; 100 ul",24,1,3177.4,23.8,29.821,0,0
06/23/20,18:20:33,25825,12AA,"Feddern, AC-PV, 02-20-2018; 100 ul",25,0,3222.2,26.8,35.555,-0.004,-0.004
06/23/20,19:16:49,25826,UA_19160,"Feddern, AC-PV, 02-20-2018; 100 ul",1,0,47.4,26.8,35.483,-0.094,-0.094
06/23/20,19:16:49,25826,UA_19160,"Feddern, AC-PV, 02-20-2018; 100 ul",2,1,92.2,27,35.549,0,0
06/23/20,19:16:49,25826,UA_19160,"Feddern, AC-PV, 02-20-2018; 100 ul",3,0,136.9,26.8,35.554,-0.086,-0.086
06/23/20,19:16:49,25826,UA_19160,"Feddern, AC-PV, 02-20-2018; 100 ul",4,0,562.6,14.8,0.361,-98.283,-98.283
06/23/20,19:16:49,25826,UA_19160,"Feddern, AC-PV, 02-20-2018; 100 ul",5,0,1543,46.4,12.002,24.445,24.445
06/23/20,19:16:49,25826,UA_19160,"Feddern, AC-PV, 02-20-2018; 100 ul",6,0,1610.8,46.6,21.489,12.536,12.536
06/23/20,19:16:49,25826,UA_19160,"Feddern, AC-PV, 02-20-2018; 100 ul",7,0,1661.8,46.6,4.25,29.679,29.679
06/23/20,19:16:49,25826,UA_19160,"Feddern, AC-PV, 02-20-2018; 100 ul",8,0,1745.8,38.9,5.335,27.976,27.976
06/23/20,19:16:49,25826,UA_19160,"Feddern, AC-PV, 02-20-2018; 100 ul",9,0,1775.5,37.4,1.662,30.227,30.227
06/23/20,19:16:49,25826,UA_19160,"Feddern, AC-PV, 02-20-2018; 100 ul",10,0,1830.8,52.5,2.389,12.654,12.654
06/23/20,19:16:49,25826,UA_19160,"Feddern, AC-PV, 02-20-2018; 100 ul",11,0,1998,52.3,8.537,24.181,24.181
06/23/20,19:16:49,25826,UA_19160,"Feddern, AC-PV, 02-20-2018; 100 ul",12,0,2144.5,35.7,3.118,27.534,27.534
06/23/20,19:16:49,25826,UA_19160,"Feddern, AC-PV, 02-20-2018; 100 ul",13,0,2180.1,22.8,1.29,-25.236,-25.236
06/23/20,19:16:49,25826,UA_19160,"Feddern, AC-PV, 02-20-2018; 100 ul",14,0,2211,28,6.208,25.963,25.963
06/23/20,19:16:49,25826,UA_19160,"Feddern, AC-PV, 02-20-2018; 100 ul",15,0,2228.4,42.2,2.898,18.971,18.971
06/23/20,19:16:49,25826,UA_19160,"Feddern, AC-PV, 02-20-2018; 100 ul",16,0,2357.7,41.6,6.996,28.439,28.439
06/23/20,19:16:49,25826,UA_19160,"Feddern, AC-PV, 02-20-2018; 100 ul",17,0,2373.4,24.5,0.781,30.062,30.062
06/23/20,19:16:49,25826,UA_19160,"Feddern, AC-PV, 02-20-2018; 100 ul",18,0,2440.1,21.9,2.416,11.462,11.462
06/23/20,19:16:49,25826,UA_19160,"Feddern, AC-PV, 02-20-2018; 100 ul",19,0,2449.7,36.2,2.376,24.62,24.62
06/23/20,19:16:49,25826,UA_19160,"Feddern, AC-PV, 02-20-2018; 100 ul",20,0,2507.8,13.2,0.83,29.73,29.73
06/23/20,19:16:49,25826,UA_19160,"Feddern, AC-PV, 02-20-2018; 100 ul",21,0,2518,20.9,0.684,29.706,29.706
06/23/20,19:16:49,25826,UA_19160,"Feddern, AC-PV, 02-20-2018; 100 ul",22,0,3132.3,26.8,35.276,0.168,0.168
06/23/20,19:16:49,25826,UA_19160,"Feddern, AC-PV, 02-20-2018; 100 ul",23,1,3177.2,23.8,29.774,0,0
06/23/20,19:16:49,25826,UA_19160,"Feddern, AC-PV, 02-20-2018; 100 ul",24,0,3221.9,27,35.529,-0.031,-0.031
06/23/20,20:13:02,25827,UA_19160,"Feddern, AC-PV, 02-20-2018; 100 ul",1,0,47.4,26.1,34.07,0.187,0.187
06/23/20,20:13:02,25827,UA_19160,"Feddern, AC-PV, 02-20-2018; 100 ul",2,1,92.2,26.8,35.513,0,0
06/23/20,20:13:02,25827,UA_19160,"Feddern, AC-PV, 02-20-2018; 100 ul",3,0,136.9,26.8,35.543,0.052,0.052
06/23/20,20:13:02,25827,UA_19160,"Feddern, AC-PV, 02-20-2018; 100 ul",4,0,562.4,13.6,0.374,-61.261,-61.261
06/23/20,20:13:02,25827,UA_19160,"Feddern, AC-PV, 02-20-2018; 100 ul",5,0,1545.8,49.5,18.231,24.54,24.54
06/23/20,20:13:02,25827,UA_19160,"Feddern, AC-PV, 02-20-2018; 100 ul",6,0,1615.6,46.8,32.903,12.598,12.598
06/23/20,20:13:02,25827,UA_19160,"Feddern, AC-PV, 02-20-2018; 100 ul",7,0,1664.7,45.8,7.044,29.78,29.78
06/23/20,20:13:02,25827,UA_19160,"Feddern, AC-PV, 02-20-2018; 100 ul",8,0,1749.1,38.9,8.034,28.099,28.099
06/23/20,20:13:02,25827,UA_19160,"Feddern, AC-PV, 02-20-2018; 100 ul",9,0,1778,36.8,2.488,29.863,29.863
06/23/20,20:13:02,25827,UA_19160,"Feddern, AC-PV, 02-20-2018; 100 ul",10,0,1833.8,53.1,3.562,13.743,13.743
06/23/20,20:13:02,25827,UA_19160,"Feddern, AC-PV, 02-20-2018; 100 ul",11,0,2003.9,51,12.399,24.566,24.566
06/23/20,20:13:02,25827,UA_19160,"Feddern, AC-PV, 02-20-2018; 100 ul",12,0,2031.9,34.7,0.842,31.286,31.286
06/23/20,20:13:02,25827,UA_19160,"Feddern, AC-PV, 02-20-2018; 100 ul",13,0,2147.3,49.3,5.513,25.959,25.959
06/23/20,20:13:02,25827,UA_19160,"Feddern, AC-PV, 02-20-2018; 100 ul",14,0,2182.2,23.4,1.968,-26.072,-26.072
06/23/20,20:13:02,25827,UA_19160,"Feddern, AC-PV, 02-20-2018; 100 ul",15,0,2214.4,28.6,9.847,23.335,23.335
06/23/20,20:13:02,25827,UA_19160,"Feddern, AC-PV, 02-20-2018; 100 ul",16,0,2231.5,41.4,4.916,17.39,17.39
06/23/20,20:13:02,25827,UA_19160,"Feddern, AC-PV, 02-20-2018; 100 ul",17,0,2360.4,41.8,10.422,28.657,28.657
06/23/20,20:13:02,25827,UA_19160,"Feddern, AC-PV, 02-20-2018; 100 ul",18,0,2374,23.6,1.145,35.231,35.231
06/23/20,20:13:02,25827,UA_19160,"Feddern, AC-PV, 02-20-2018; 100 ul",19,0,2442,21.9,3.566,10.559,10.559
06/23/20,20:13:02,25827,UA_19160,"Feddern, AC-PV, 02-20-2018; 100 ul",20,0,2451.2,45.6,3.548,21.794,21.794
06/23/20,20:13:02,25827,UA_19160,"Feddern, AC-PV, 02-20-2018; 100 ul",21,0,2508.6,13,1.214,27.856,27.856
06/23/20,20:13:02,25827,UA_19160,"Feddern, AC-PV, 02-20-2018; 100 ul",22,0,2518.7,20.9,1.035,27.659,27.659
06/23/20,20:13:02,25827,UA_19160,"Feddern, AC-PV, 02-20-2018; 100 ul",23,0,2697.8,25.5,0.391,20.18,20.18
06/23/20,20:13:02,25827,UA_19160,"Feddern, AC-PV, 02-20-2018; 100 ul",24,0,3132.5,26.5,35.463,0.111,0.111
06/23/20,20:13:02,25827,UA_19160,"Feddern, AC-PV, 02-20-2018; 100 ul",25,1,3177.2,23.8,29.907,0,0
06/23/20,20:13:02,25827,UA_19160,"Feddern, AC-PV, 02-20-2018; 100 ul",26,0,3222.2,26.8,35.679,-0.104,-0.104
06/23/20,21:09:18,25828,UA_19160,"Feddern, AC-PV, 02-20-2018; 100 ul",1,0,47.4,27,35.79,-0.134,-0.134
06/23/20,21:09:18,25828,UA_19160,"Feddern, AC-PV, 02-20-2018; 100 ul",2,1,92.2,26.8,35.729,0,0
06/23/20,21:09:18,25828,UA_19160,"Feddern, AC-PV, 02-20-2018; 100 ul",3,0,137.1,26.8,35.775,-0.147,-0.147
06/23/20,21:09:18,25828,UA_19160,"Feddern, AC-PV, 02-20-2018; 100 ul",4,0,562.4,14.6,0.359,-44.101,-44.101
06/23/20,21:09:18,25828,UA_19160,"Feddern, AC-PV, 02-20-2018; 100 ul",5,0,1546.2,50,17.005,24.236,24.236
06/23/20,21:09:18,25828,UA_19160,"Feddern, AC-PV, 02-20-2018; 100 ul",6,0,1615.6,47.4,30.811,12.371,12.371
06/23/20,21:09:18,25828,UA_19160,"Feddern, AC-PV, 02-20-2018; 100 ul",7,0,1665.3,47,6.689,28.926,28.926
06/23/20,21:09:18,25828,UA_19160,"Feddern, AC-PV, 02-20-2018; 100 ul",8,0,1749.7,38.9,7.532,27.613,27.613
06/23/20,21:09:18,25828,UA_19160,"Feddern, AC-PV, 02-20-2018; 100 ul",9,0,1778.8,37.4,2.392,29.264,29.264
06/23/20,21:09:18,25828,UA_19160,"Feddern, AC-PV, 02-20-2018; 100 ul",10,0,1834.6,52.5,3.294,12.927,12.927
06/23/20,21:09:18,25828,UA_19160,"Feddern, AC-PV, 02-20-2018; 100 ul",11,0,2004.3,51.2,11.584,24.486,24.486
06/23/20,21:09:18,25828,UA_19160,"Feddern, AC-PV, 02-20-2018; 100 ul",12,0,2147.9,35.9,4.344,27.525,27.525
06/23/20,21:09:18,25828,UA_19160,"Feddern, AC-PV, 02-20-2018; 100 ul",13,0,2182.8,23.2,1.829,-26.748,-26.748
06/23/20,21:09:18,25828,UA_19160,"Feddern, AC-PV, 02-20-2018; 100 ul",14,0,2215,28.4,9.28,23.435,23.435
06/23/20,21:09:18,25828,UA_19160,"Feddern, AC-PV, 02-20-2018; 100 ul",15,0,2231.9,42.4,4.721,15.829,15.829
06/23/20,21:09:18,25828,UA_19160,"Feddern, AC-PV, 02-20-2018; 100 ul",16,0,2361.1,41.2,9.812,28.255,28.255
06/23/20,21:09:18,25828,UA_19160,"Feddern, AC-PV, 02-20-2018; 100 ul",17,0,2374.9,38.7,1.321,31.742,31.742
06/23/20,21:09:18,25828,UA_19160,"Feddern, AC-PV, 02-20-2018; 100 ul",18,0,2442.6,21.7,3.304,10.807,10.807
06/23/20,21:09:18,25828,UA_19160,"Feddern, AC-PV, 02-20-2018; 100 ul",19,0,2451.8,45.8,3.39,24.494,24.494
06/23/20,21:09:18,25828,UA_19160,"Feddern, AC-PV, 02-20-2018; 100 ul",20,0,2509.5,13,1.134,29.945,29.945
06/23/20,21:09:18,25828,UA_19160,"Feddern, AC-PV, 02-20-2018; 100 ul",21,0,2519.3,20.7,0.975,29.251,29.251
06/23/20,21:09:18,25828,UA_19160,"Feddern, AC-PV, 02-20-2018; 100 ul",22,0,3132.5,26.8,35.871,0.115,0.115
06/23/20,21:09:18,25828,UA_19160,"Feddern, AC-PV, 02-20-2018; 100 ul",23,1,3177.2,23.8,30.302,0,0
06/23/20,21:09:18,25828,UA_19160,"Feddern, AC-PV, 02-20-2018; 100 ul",24,0,3222.2,26.8,36.133,-0.053,-0.053
06/23/20,22:05:34,25829,UA_31904,"Feddern, AC-PV, 02-20-2018; 100 ul",1,0,47.7,26.8,36.198,0.06,0.06
06/23/20,22:05:34,25829,UA_31904,"Feddern, AC-PV, 02-20-2018; 100 ul",2,1,92.2,26.8,36.08,0,0
06/23/20,22:05:34,25829,UA_31904,"Feddern, AC-PV, 02-20-2018; 100 ul",3,0,136.9,26.8,36.132,-0.069,-0.069
06/23/20,22:05:34,25829,UA_31904,"Feddern, AC-PV, 02-20-2018; 100 ul",4,0,562.4,15,0.366,-31.088,-31.088
06/23/20,22:05:34,25829,UA_31904,"Feddern, AC-PV, 02-20-2018; 100 ul",5,0,1443.4,21.1,0.756,21.677,21.677
06/23/20,22:05:34,25829,UA_31904,"Feddern, AC-PV, 02-20-2018; 100 ul",6,0,1548.1,39.1,23.239,24.566,24.566
06/23/20,22:05:34,25829,UA_31904,"Feddern, AC-PV, 02-20-2018; 100 ul",7,0,1621.4,63.5,50.233,10.121,10.121
06/23/20,22:05:34,25829,UA_31904,"Feddern, AC-PV, 02-20-2018; 100 ul",8,0,1666.4,43.3,6.019,29.465,29.465
06/23/20,22:05:34,25829,UA_31904,"Feddern, AC-PV, 02-20-2018; 100 ul",9,0,1749.5,38,6.47,25.696,25.696
06/23/20,22:05:34,25829,UA_31904,"Feddern, AC-PV, 02-20-2018; 100 ul",10,0,1778.6,36.2,2.205,28.174,28.174
06/23/20,22:05:34,25829,UA_31904,"Feddern, AC-PV, 02-20-2018; 100 ul",11,0,1834.4,43.3,2.616,13.768,13.768
06/23/20,22:05:34,25829,UA_31904,"Feddern, AC-PV, 02-20-2018; 100 ul",12,0,1914,59.8,0.879,23.014,23.014
06/23/20,22:05:34,25829,UA_31904,"Feddern, AC-PV, 02-20-2018; 100 ul",13,0,2009.7,54.3,19.448,23.798,23.798
06/23/20,22:05:34,25829,UA_31904,"Feddern, AC-PV, 02-20-2018; 100 ul",14,0,2033.6,21.9,1.361,25.806,25.806
06/23/20,22:05:34,25829,UA_31904,"Feddern, AC-PV, 02-20-2018; 100 ul",15,0,2127.8,15.7,0.415,14.578,14.578
06/23/20,22:05:34,25829,UA_31904,"Feddern, AC-PV, 02-20-2018; 100 ul",16,0,2145.4,33,2.14,24.184,24.184
06/23/20,22:05:34,25829,UA_31904,"Feddern, AC-PV, 02-20-2018; 100 ul",17,0,2181.5,23.4,1.299,-31.983,-31.983
06/23/20,22:05:34,25829,UA_31904,"Feddern, AC-PV, 02-20-2018; 100 ul",18,0,2215,29.7,9.926,21.744,21.744
06/23/20,22:05:34,25829,UA_31904,"Feddern, AC-PV, 02-20-2018; 100 ul",19,0,2231.7,48.5,5.412,8.451,8.451
06/23/20,22:05:34,25829,UA_31904,"Feddern, AC-PV, 02-20-2018; 100 ul",20,0,2360.9,43.7,10.791,26.94,26.94
06/23/20,22:05:34,25829,UA_31904,"Feddern, AC-PV, 02-20-2018; 100 ul",21,0,2375.7,21.9,1.69,28.143,28.143
06/23/20,22:05:34,25829,UA_31904,"Feddern, AC-PV, 02-20-2018; 100 ul",22,0,2442,21.9,3.434,15.68,15.68
06/23/20,22:05:34,25829,UA_31904,"Feddern, AC-PV, 02-20-2018; 100 ul",23,0,2453.5,45.6,5.796,22.805,22.805
06/23/20,22:05:34,25829,UA_31904,"Feddern, AC-PV, 02-20-2018; 100 ul",24,0,2509.7,13.8,1.904,31.431,31.431
06/23/20,22:05:34,25829,UA_31904,"Feddern, AC-PV, 02-20-2018; 100 ul",25,0,2519.1,21.3,1.275,24.112,24.112
06/23/20,22:05:34,25829,UA_31904,"Feddern, AC-PV, 02-20-2018; 100 ul",26,0,2696.9,25.7,0.992,14.371,14.371
06/23/20,22:05:34,25829,UA_31904,"Feddern, AC-PV, 02-20-2018; 100 ul",27,0,3132.5,62.5,35.895,0.31,0.31
06/23/20,22:05:34,25829,UA_31904,"Feddern, AC-PV, 02-20-2018; 100 ul",28,1,3177.2,23.8,30.316,0,0
06/23/20,22:05:34,25829,UA_31904,"Feddern, AC-PV, 02-20-2018; 100 ul",29,0,3221.9,26.8,36.168,-0.037,-0.037
06/23/20,23:01:49,25830,UA_31904,"Feddern, AC-PV, 02-20-2018; 100 ul",1,0,47.7,26.8,36.208,0.015,0.015
06/23/20,23:01:49,25830,UA_31904,"Feddern, AC-PV, 02-20-2018; 100 ul",2,1,92.2,26.8,36.178,0,0
06/23/20,23:01:49,25830,UA_31904,"Feddern, AC-PV, 02-20-2018; 100 ul",3,0,137.1,26.8,36.163,-0.052,-0.052
06/23/20,23:01:49,25830,UA_31904,"Feddern, AC-PV, 02-20-2018; 100 ul",4,0,562.2,16.3,0.392,-26.045,-26.045
06/23/20,23:01:49,25830,UA_31904,"Feddern, AC-PV, 02-20-2018; 100 ul",5,0,1443.6,20.9,0.788,23.216,23.216
06/23/20,23:01:49,25830,UA_31904,"Feddern, AC-PV, 02-20-2018; 100 ul",6,0,1548.9,40.1,24.108,24.893,24.893
06/23/20,23:01:49,25830,UA_31904,"Feddern, AC-PV, 02-20-2018; 100 ul",7,0,1622.5,63.5,52.623,9.701,9.701
06/23/20,23:01:49,25830,UA_31904,"Feddern, AC-PV, 02-20-2018; 100 ul",8,0,1667,43.1,6.409,26.884,26.884
06/23/20,23:01:49,25830,UA_31904,"Feddern, AC-PV, 02-20-2018; 100 ul",9,0,1750.2,38.7,6.783,25.052,25.052
06/23/20,23:01:49,25830,UA_31904,"Feddern, AC-PV, 02-20-2018; 100 ul",10,0,1779.2,35.9,2.299,27.288,27.288
06/23/20,23:01:49,25830,UA_31904,"Feddern, AC-PV, 02-20-2018; 100 ul",11,0,1834.8,43.1,2.755,13.313,13.313
06/23/20,23:01:49,25830,UA_31904,"Feddern, AC-PV, 02-20-2018; 100 ul",12,0,1915.3,49.1,0.664,30.297,30.297
06/23/20,23:01:49,25830,UA_31904,"Feddern, AC-PV, 02-20-2018; 100 ul",13,0,2010.8,55,20.365,24.077,24.077
06/23/20,23:01:49,25830,UA_31904,"Feddern, AC-PV, 02-20-2018; 100 ul",14,0,2034,21.9,1.428,26.632,26.632
06/23/20,23:01:49,25830,UA_31904,"Feddern, AC-PV, 02-20-2018; 100 ul",15,0,2128.2,15.7,0.433,19.023,19.023
06/23/20,23:01:49,25830,UA_31904,"Feddern, AC-PV, 02-20-2018; 100 ul",16,0,2145.8,33,2.233,25.329,25.329
06/23/20,23:01:49,25830,UA_31904,"Feddern, AC-PV, 02-20-2018; 100 ul",17,0,2182.2,23.4,1.377,-32.153,-32.153
06/23/20,23:01:49,25830,UA_31904,"Feddern, AC-PV, 02-20-2018; 100 ul",18,0,2215.6,29.7,10.403,21.064,21.064
06/23/20,23:01:49,25830,UA_31904,"Feddern, AC-PV, 02-20-2018; 100 ul",19,0,2232.3,50.6,5.721,10.011,10.011
06/23/20,23:01:49,25830,UA_31904,"Feddern, AC-PV, 02-20-2018; 100 ul",20,0,2361.5,43.1,11.323,26.392,26.392
06/23/20,23:01:49,25830,UA_31904,"Feddern, AC-PV, 02-20-2018; 100 ul",21,0,2376.1,21.9,1.803,30.274,30.274
06/23/20,23:01:49,25830,UA_31904,"Feddern, AC-PV, 02-20-2018; 100 ul",22,0,2442.4,21.9,3.631,10.614,10.614
06/23/20,23:01:49,25830,UA_31904,"Feddern, AC-PV, 02-20-2018; 100 ul",23,0,2453.9,45.1,6.068,23.02,23.02
06/23/20,23:01:49,25830,UA_31904,"Feddern, AC-PV, 02-20-2018; 100 ul",24,0,2510.1,14.2,2,31.06,31.06
06/23/20,23:01:49,25830,UA_31904,"Feddern, AC-PV, 02-20-2018; 100 ul",25,0,2519.5,21.3,1.351,25.404,25.404
06/23/20,23:01:49,25830,UA_31904,"Feddern, AC-PV, 02-20-2018; 100 ul",26,0,2697.4,25.7,1.026,16.504,16.504
06/23/20,23:01:49,25830,UA_31904,"Feddern, AC-PV, 02-20-2018; 100 ul",27,0,3132.5,26.8,36.004,0.107,0.107
06/23/20,23:01:49,25830,UA_31904,"Feddern, AC-PV, 02-20-2018; 100 ul",28,1,3177.4,23.8,30.413,0,0
06/23/20,23:01:49,25830,UA_31904,"Feddern, AC-PV, 02-20-2018; 100 ul",29,0,3222.2,27,36.337,0.06,0.06
06/23/20,23:58:05,25831,UA_31904,"Feddern, AC-PV, 02-20-2018; 100 ul",1,0,47.4,26.8,36.043,-0.047,-0.047
06/23/20,23:58:05,25831,UA_31904,"Feddern, AC-PV, 02-20-2018; 100 ul",2,1,92.2,27,36.226,0,0
06/23/20,23:58:05,25831,UA_31904,"Feddern, AC-PV, 02-20-2018; 100 ul",3,0,137.1,26.8,36.278,-0.055,-0.055
06/23/20,23:58:05,25831,UA_31904,"Feddern, AC-PV, 02-20-2018; 100 ul",4,0,562.2,16.1,0.4,-18.445,-18.445
06/23/20,23:58:05,25831,UA_31904,"Feddern, AC-PV, 02-20-2018; 100 ul",5,0,1444.6,20.9,0.758,23.739,23.739
06/23/20,23:58:05,25831,UA_31904,"Feddern, AC-PV, 02-20-2018; 100 ul",6,0,1549.3,40.3,23.32,24.904,24.904
06/23/20,23:58:05,25831,UA_31904,"Feddern, AC-PV, 02-20-2018; 100 ul",7,0,1622.5,63.7,50.264,10.614,10.614
06/23/20,23:58:05,25831,UA_31904,"Feddern, AC-PV, 02-20-2018; 100 ul",8,0,1667.4,43.3,6.259,30.465,30.465
06/23/20,23:58:05,25831,UA_31904,"Feddern, AC-PV, 02-20-2018; 100 ul",9,0,1750.6,38,6.49,25.402,25.402
06/23/20,23:58:05,25831,UA_31904,"Feddern, AC-PV, 02-20-2018; 100 ul",10,0,1780.1,36.8,2.235,28.378,28.378
06/23/20,23:58:05,25831,UA_31904,"Feddern, AC-PV, 02-20-2018; 100 ul",11,0,1835.6,42.4,2.598,12.395,12.395
06/23/20,23:58:05,25831,UA_31904,"Feddern, AC-PV, 02-20-2018; 100 ul",12,0,1915.1,51,0.657,36.127,36.127
06/23/20,23:58:05,25831,UA_31904,"Feddern, AC-PV, 02-20-2018; 100 ul",13,0,2011,54.8,19.506,24.168,24.168
06/23/20,23:58:05,25831,UA_31904,"Feddern, AC-PV, 02-20-2018; 100 ul",14,0,2034.8,22.2,1.377,27.422,27.422
06/23/20,23:58:05,25831,UA_31904,"Feddern, AC-PV, 02-20-2018; 100 ul",15,0,2129.1,15.9,0.409,16.863,16.863
06/23/20,23:58:05,25831,UA_31904,"Feddern, AC-PV, 02-20-2018; 100 ul",16,0,2146.6,33,2.154,25.945,25.945
06/23/20,23:58:05,25831,UA_31904,"Feddern, AC-PV, 02-20-2018; 100 ul",17,0,2183,23,1.312,-32.838,-32.838
06/23/20,23:58:05,25831,UA_31904,"Feddern, AC-PV, 02-20-2018; 100 ul",18,0,2216,29.5,9.925,21.242,21.242
06/23/20,23:58:05,25831,UA_31904,"Feddern, AC-PV, 02-20-2018; 100 ul",19,0,2233,50.2,5.483,9.623,9.623
06/23/20,23:58:05,25831,UA_31904,"Feddern, AC-PV, 02-20-2018; 100 ul",20,0,2362.1,42.8,10.845,26.769,26.769
06/23/20,23:58:05,25831,UA_31904,"Feddern, AC-PV, 02-20-2018; 100 ul",21,0,2376.7,21.9,1.748,27.16,27.16
06/23/20,23:58:05,25831,UA_31904,"Feddern, AC-PV, 02-20-2018; 100 ul",22,0,2443.2,22.4,3.522,11.682,11.682
06/23/20,23:58:05,25831,UA_31904,"Feddern, AC-PV, 02-20-2018; 100 ul",23,0,2454.5,45.1,2.628,10.878,10.878
06/23/20,23:58:05,25831,UA_31904,"Feddern, AC-PV, 02-20-2018; 100 ul",24,0,2510.9,14,1.931,28.123,28.123
06/23/20,23:58:05,25831,UA_31904,"Feddern, AC-PV, 02-20-2018; 100 ul",25,0,2520.3,21.3,1.297,26.624,26.624
06/23/20,23:58:05,25831,UA_31904,"Feddern, AC-PV, 02-20-2018; 100 ul",26,0,2698.2,25.7,0.994,16.09,16.09
06/23/20,23:58:05,25831,UA_31904,"Feddern, AC-PV, 02-20-2018; 100 ul",27,0,3132.5,26.8,36.015,0.091,0.091
06/23/20,23:58:05,25831,UA_31904,"Feddern, AC-PV, 02-20-2018; 100 ul",28,1,3177.2,23.8,30.365,0,0
06/23/20,23:58:05,25831,UA_31904,"Feddern, AC-PV, 02-20-2018; 100 ul",29,0,3222.2,26.8,36.185,-0.098,-0.098
06/24/20,00:54:23,25832,12AA,"Feddern, AC-PV, 02-20-2018; 100 ul",1,0,48.7,27.4,37.326,0.124,0.124
06/24/20,00:54:23,25832,12AA,"Feddern, AC-PV, 02-20-2018; 100 ul",2,1,92.2,26.8,36.044,0,0
06/24/20,00:54:23,25832,12AA,"Feddern, AC-PV, 02-20-2018; 100 ul",3,0,137.1,26.8,36.188,-0.012,-0.012
06/24/20,00:54:23,25832,12AA,"Feddern, AC-PV, 02-20-2018; 100 ul",4,0,562,15.9,0.385,-13.957,-13.957
06/24/20,00:54:23,25832,12AA,"Feddern, AC-PV, 02-20-2018; 100 ul",5,0,1548.9,39.9,30.235,-1.188,-1.188
06/24/20,00:54:23,25832,12AA,"Feddern, AC-PV, 02-20-2018; 100 ul",6,0,1574.8,36.6,1.289,11.942,11.942
06/24/20,00:54:23,25832,12AA,"Feddern, AC-PV, 02-20-2018; 100 ul",7,0,1670.7,76.7,23.047,0.816,0.816
06/24/20,00:54:23,25832,12AA,"Feddern, AC-PV, 02-20-2018; 100 ul",8,0,1761.9,43.1,24.723,0.783,0.783
06/24/20,00:54:23,25832,12AA,"Feddern, AC-PV, 02-20-2018; 100 ul",9,0,1790.5,44.7,20.19,-1.015,-1.015
06/24/20,00:54:23,25832,12AA,"Feddern, AC-PV, 02-20-2018; 100 ul",10,0,1844.6,50,15.841,13.402,13.402
06/24/20,00:54:23,25832,12AA,"Feddern, AC-PV, 02-20-2018; 100 ul",11,0,1996,47.7,2.97,-12.288,-12.288
06/24/20,00:54:23,25832,12AA,"Feddern, AC-PV, 02-20-2018; 100 ul",12,0,2038,30.9,0.694,-0.763,-0.763
06/24/20,00:54:23,25832,12AA,"Feddern, AC-PV, 02-20-2018; 100 ul",13,0,2154.8,53.3,15.424,-4.954,-4.954
06/24/20,00:54:23,25832,12AA,"Feddern, AC-PV, 02-20-2018; 100 ul",14,0,2192.8,30.5,14.455,-3.1,-3.1
06/24/20,00:54:23,25832,12AA,"Feddern, AC-PV, 02-20-2018; 100 ul",15,0,2222.7,27.4,21.117,-8.679,-8.679
06/24/20,00:54:23,25832,12AA,"Feddern, AC-PV, 02-20-2018; 100 ul",16,0,2241.9,59.6,17.826,1.142,1.142
06/24/20,00:54:23,25832,12AA,"Feddern, AC-PV, 02-20-2018; 100 ul",17,0,2364.6,85.1,17.231,-2.836,-2.836
06/24/20,00:54:23,25832,12AA,"Feddern, AC-PV, 02-20-2018; 100 ul",18,0,2450.1,68.8,20.086,3.263,3.263
06/24/20,00:54:23,25832,12AA,"Feddern, AC-PV, 02-20-2018; 100 ul",19,0,2723.1,17.8,0.999,0.658,0.658
06/24/20,00:54:23,25832,12AA,"Feddern, AC-PV, 02-20-2018; 100 ul",20,0,2786.6,26.5,10.815,3.708,3.708
06/24/20,00:54:23,25832,12AA,"Feddern, AC-PV, 02-20-2018; 100 ul",21,0,2800.8,27.6,0.692,1.385,1.385
06/24/20,00:54:23,25832,12AA,"Feddern, AC-PV, 02-20-2018; 100 ul",22,0,2867.3,14,0.641,-11.871,-11.871
06/24/20,00:54:23,25832,12AA,"Feddern, AC-PV, 02-20-2018; 100 ul",23,0,3132.5,26.8,36.172,0.128,0.128
06/24/20,00:54:23,25832,12AA,"Feddern, AC-PV, 02-20-2018; 100 ul",24,1,3177.4,23.8,30.498,0,0
06/24/20,00:54:23,25832,12AA,"Feddern, AC-PV, 02-20-2018; 100 ul",25,0,3222.2,26.8,36.349,-0.017,-0.017
06/24/20,01:50:39,25833,SL_86989,"Feddern, AC-PV, 02-20-2018; 100 ul",1,0,47.7,26.3,35.276,0.038,0.038
06/24/20,01:50:39,25833,SL_86989,"Feddern, AC-PV, 02-20-2018; 100 ul",2,1,92.2,26.8,36.305,0,0
06/24/20,01:50:39,25833,SL_86989,"Feddern, AC-PV, 02-20-2018; 100 ul",3,0,137.1,26.8,36.281,-0.013,-0.013
06/24/20,01:50:39,25833,SL_86989,"Feddern, AC-PV, 02-20-2018; 100 ul",4,0,562,18.4,0.43,-15.945,-15.945
06/24/20,01:50:39,25833,SL_86989,"Feddern, AC-PV, 02-20-2018; 100 ul",5,0,1545.6,41.8,19.452,25.215,25.215
06/24/20,01:50:39,25833,SL_86989,"Feddern, AC-PV, 02-20-2018; 100 ul",6,0,1623.3,64.8,51.286,11.501,11.501
06/24/20,01:50:39,25833,SL_86989,"Feddern, AC-PV, 02-20-2018; 100 ul",7,0,1665.7,39.7,3.981,26.346,26.346
06/24/20,01:50:39,25833,SL_86989,"Feddern, AC-PV, 02-20-2018; 100 ul",8,0,1748.1,24.7,3.341,26.059,26.059
06/24/20,01:50:39,25833,SL_86989,"Feddern, AC-PV, 02-20-2018; 100 ul",9,0,1778.6,35.3,0.832,30.425,30.425
06/24/20,01:50:39,25833,SL_86989,"Feddern, AC-PV, 02-20-2018; 100 ul",10,0,1837.3,56.8,5.202,14.414,14.414
06/24/20,01:50:39,25833,SL_86989,"Feddern, AC-PV, 02-20-2018; 100 ul",11,0,2153.7,56.2,13.601,27.423,27.423
06/24/20,01:50:39,25833,SL_86989,"Feddern, AC-PV, 02-20-2018; 100 ul",12,0,2181.1,18,0.796,8.759,8.759
06/24/20,01:50:39,25833,SL_86989,"Feddern, AC-PV, 02-20-2018; 100 ul",13,0,2212.3,27.8,5.078,24.513,24.513
06/24/20,01:50:39,25833,SL_86989,"Feddern, AC-PV, 02-20-2018; 100 ul",14,0,2228.6,41.4,1.593,13.57,13.57
06/24/20,01:50:39,25833,SL_86989,"Feddern, AC-PV, 02-20-2018; 100 ul",15,0,2360,79.4,8.646,28.731,28.731
06/24/20,01:50:39,25833,SL_86989,"Feddern, AC-PV, 02-20-2018; 100 ul",16,0,2441.3,22.6,1.949,12.944,12.944
06/24/20,01:50:39,25833,SL_86989,"Feddern, AC-PV, 02-20-2018; 100 ul",17,0,2512.4,16.7,4.652,25.023,25.023
06/24/20,01:50:39,25833,SL_86989,"Feddern, AC-PV, 02-20-2018; 100 ul",18,0,2541.6,16.9,0.592,22.739,22.739
06/24/20,01:50:39,25833,SL_86989,"Feddern, AC-PV, 02-20-2018; 100 ul",19,0,2698.2,22.4,1.374,16.3,16.3
06/24/20,01:50:39,25833,SL_86989,"Feddern, AC-PV, 02-20-2018; 100 ul",20,0,2843.7,17.8,0.351,33.389,33.389
06/24/20,01:50:39,25833,SL_86989,"Feddern, AC-PV, 02-20-2018; 100 ul",21,0,3132.5,26.8,36.335,0.17,0.17
06/24/20,01:50:39,25833,SL_86989,"Feddern, AC-PV, 02-20-2018; 100 ul",22,1,3177.2,23.8,30.504,0,0
06/24/20,01:50:39,25833,SL_86989,"Feddern, AC-PV, 02-20-2018; 100 ul",23,0,3222.2,26.8,36.57,-0.128,-0.128
06/24/20,02:46:57,25834,SL_86989,"Feddern, AC-PV, 02-20-2018; 100 ul",1,0,47.7,26.8,36.455,0.095,0.095
06/24/20,02:46:57,25834,SL_86989,"Feddern, AC-PV, 02-20-2018; 100 ul",2,1,92.2,26.8,36.178,0,0
06/24/20,02:46:57,25834,SL_86989,"Feddern, AC-PV, 02-20-2018; 100 ul",3,0,137.1,26.8,36.432,0.135,0.135
06/24/20,02:46:57,25834,SL_86989,"Feddern, AC-PV, 02-20-2018; 100 ul",4,0,562,14.8,0.381,-10.818,-10.818
06/24/20,02:46:57,25834,SL_86989,"Feddern, AC-PV, 02-20-2018; 100 ul",5,0,1544.9,42,20.086,25.409,25.409
06/24/20,02:46:57,25834,SL_86989,"Feddern, AC-PV, 02-20-2018; 100 ul",6,0,1623.1,64.8,51.787,11.149,11.149
06/24/20,02:46:57,25834,SL_86989,"Feddern, AC-PV, 02-20-2018; 100 ul",7,0,1665.3,39.7,3.366,24.417,24.417
06/24/20,02:46:57,25834,SL_86989,"Feddern, AC-PV, 02-20-2018; 100 ul",8,0,1747.7,25.1,3.471,26.007,26.007
06/24/20,02:46:57,25834,SL_86989,"Feddern, AC-PV, 02-20-2018; 100 ul",9,0,1757.7,12.5,0.384,50.538,50.538
06/24/20,02:46:57,25834,SL_86989,"Feddern, AC-PV, 02-20-2018; 100 ul",10,0,1778,37,0.576,17.544,17.544
06/24/20,02:46:57,25834,SL_86989,"Feddern, AC-PV, 02-20-2018; 100 ul",11,0,1836.9,57.5,5.375,14.189,14.189
06/24/20,02:46:57,25834,SL_86989,"Feddern, AC-PV, 02-20-2018; 100 ul",12,0,2153.3,57.5,14.205,27.388,27.388
06/24/20,02:46:57,25834,SL_86989,"Feddern, AC-PV, 02-20-2018; 100 ul",13,0,2180.7,18,0.811,10.75,10.75
06/24/20,02:46:57,25834,SL_86989,"Feddern, AC-PV, 02-20-2018; 100 ul",14,0,2211.8,27.8,5.214,24.412,24.412
06/24/20,02:46:57,25834,SL_86989,"Feddern, AC-PV, 02-20-2018; 100 ul",15,0,2228.1,41.2,1.648,12.728,12.728
06/24/20,02:46:57,25834,SL_86989,"Feddern, AC-PV, 02-20-2018; 100 ul",16,0,2359.4,70,8.707,30.019,30.019
06/24/20,02:46:57,25834,SL_86989,"Feddern, AC-PV, 02-20-2018; 100 ul",17,0,2440.7,22.6,2.037,14.225,14.225
06/24/20,02:46:57,25834,SL_86989,"Feddern, AC-PV, 02-20-2018; 100 ul",18,0,2512,16.5,4.856,24.801,24.801
06/24/20,02:46:57,25834,SL_86989,"Feddern, AC-PV, 02-20-2018; 100 ul",19,0,2518.2,18.4,1.142,17.784,17.784
06/24/20,02:46:57,25834,SL_86989,"Feddern, AC-PV, 02-20-2018; 100 ul",20,0,2541,17.1,0.856,25.765,25.765
06/24/20,02:46:57,25834,SL_86989,"Feddern, AC-PV, 02-20-2018; 100 ul",21,0,2653.7,20.5,0.348,2.417,2.417
06/24/20,02:46:57,25834,SL_86989,"Feddern, AC-PV, 02-20-2018; 100 ul",22,0,2697.6,22.6,1.411,18.118,18.118
06/24/20,02:46:57,25834,SL_86989,"Feddern, AC-PV, 02-20-2018; 100 ul",23,0,2843.2,17.8,0.365,33.942,33.942
06/24/20,02:46:57,25834,SL_86989,"Feddern, AC-PV, 02-20-2018; 100 ul",24,0,3132.5,26.8,36.487,0.173,0.173
06/24/20,02:46:57,25834,SL_86989,"Feddern, AC-PV, 02-20-2018; 100 ul",25,1,3177.2,23.8,30.739,0,0
06/24/20,02:46:57,25834,SL_86989,"Feddern, AC-PV, 02-20-2018; 100 ul",26,0,3222.2,26.8,36.566,0.004,0.004
06/24/20,03:43:15,25835,SL_86989,"Feddern, AC-PV, 02-20-2018; 100 ul",1,0,47.4,26.8,36.642,0.119,0.119
06/24/20,03:43:15,25835,SL_86989,"Feddern, AC-PV, 02-20-2018; 100 ul",2,1,92.2,26.8,36.662,0,0
06/24/20,03:43:15,25835,SL_86989,"Feddern, AC-PV, 02-20-2018; 100 ul",3,0,137.1,26.8,36.512,0.179,0.179
06/24/20,03:43:15,25835,SL_86989,"Feddern, AC-PV, 02-20-2018; 100 ul",4,0,561.8,15,0.387,-12.628,-12.628
06/24/20,03:43:15,25835,SL_86989,"Feddern, AC-PV, 02-20-2018; 100 ul",5,0,1545.3,41.8,19.997,25.506,25.506
06/24/20,03:43:15,25835,SL_86989,"Feddern, AC-PV, 02-20-2018; 100 ul",6,0,1623.9,57.9,52.649,11.601,11.601
06/24/20,03:43:15,25835,SL_86989,"Feddern, AC-PV, 02-20-2018; 100 ul",7,0,1665.7,38.9,2.151,24.902,24.902
06/24/20,03:43:15,25835,SL_86989,"Feddern, AC-PV, 02-20-2018; 100 ul",8,0,1748.3,24.9,3.498,25.485,25.485
06/24/20,03:43:15,25835,SL_86989,"Feddern, AC-PV, 02-20-2018; 100 ul",9,0,1758.3,12.5,0.392,46.364,46.364
06/24/20,03:43:15,25835,SL_86989,"Feddern, AC-PV, 02-20-2018; 100 ul",10,0,1778.6,35.7,0.588,17.387,17.387
06/24/20,03:43:15,25835,SL_86989,"Feddern, AC-PV, 02-20-2018; 100 ul",11,0,1837.7,57.3,5.415,14.635,14.635
06/24/20,03:43:15,25835,SL_86989,"Feddern, AC-PV, 02-20-2018; 100 ul",12,0,2154,56,14.503,27.696,27.696
06/24/20,03:43:15,25835,SL_86989,"Feddern, AC-PV, 02-20-2018; 100 ul",13,0,2181.1,18,0.8,7.195,7.195
06/24/20,03:43:15,25835,SL_86989,"Feddern, AC-PV, 02-20-2018; 100 ul",14,0,2212.3,27.8,5.25,24.679,24.679
06/24/20,03:43:15,25835,SL_86989,"Feddern, AC-PV, 02-20-2018; 100 ul",15,0,2228.6,42,1.673,14.529,14.529
06/24/20,03:43:15,25835,SL_86989,"Feddern, AC-PV, 02-20-2018; 100 ul",16,0,2360,54.5,8.673,29.429,29.429
06/24/20,03:43:15,25835,SL_86989,"Feddern, AC-PV, 02-20-2018; 100 ul",17,0,2441.1,22.4,2.066,16.219,16.219
06/24/20,03:43:15,25835,SL_86989,"Feddern, AC-PV, 02-20-2018; 100 ul",18,0,2448.4,14.6,0.312,31.566,31.566
06/24/20,03:43:15,25835,SL_86989,"Feddern, AC-PV, 02-20-2018; 100 ul",19,0,2512.4,16.5,4.915,23.041,23.041
06/24/20,03:43:15,25835,SL_86989,"Feddern, AC-PV, 02-20-2018; 100 ul",20,0,2518.7,18.6,1.13,18.804,18.804
06/24/20,03:43:15,25835,SL_86989,"Feddern, AC-PV, 02-20-2018; 100 ul",21,0,2541.4,16.9,0.862,27.868,27.868
06/24/20,03:43:15,25835,SL_86989,"Feddern, AC-PV, 02-20-2018; 100 ul",22,0,2654.1,15.9,0.333,5.004,5.004
06/24/20,03:43:15,25835,SL_86989,"Feddern, AC-PV, 02-20-2018; 100 ul",23,0,2698,22.2,1.388,17.238,17.238
06/24/20,03:43:15,25835,SL_86989,"Feddern, AC-PV, 02-20-2018; 100 ul",24,0,2843.4,17.6,0.356,33.901,33.901
06/24/20,03:43:15,25835,SL_86989,"Feddern, AC-PV, 02-20-2018; 100 ul",25,0,3132.5,26.8,36.772,0.131,0.131
06/24/20,03:43:15,25835,SL_86989,"Feddern, AC-PV, 02-20-2018; 100 ul",26,1,3177.2,23.8,30.89,0,0
06/24/20,03:43:15,25835,SL_86989,"Feddern, AC-PV, 02-20-2018; 100 ul",27,0,3222.2,26.8,36.77,-0.032,-0.032
06/24/20,04:39:32,25836,SL_102605,"Feddern, AC-PV, 02-20-2018; 100 ul",1,0,47.7,26.8,36.706,0.095,0.095
06/24/20,04:39:32,25836,SL_102605,"Feddern, AC-PV, 02-20-2018; 100 ul",2,1,92.4,27,36.662,0,0
06/24/20,04:39:32,25836,SL_102605,"Feddern, AC-PV, 02-20-2018; 100 ul",3,0,137.1,26.8,36.558,0.08,0.08
06/24/20,04:39:32,25836,SL_102605,"Feddern, AC-PV, 02-20-2018; 100 ul",4,0,561.8,15.3,0.38,-11.14,-11.14
06/24/20,04:39:32,25836,SL_102605,"Feddern, AC-PV, 02-20-2018; 100 ul",5,0,1547.2,47.9,18.285,24.234,24.234
06/24/20,04:39:32,25836,SL_102605,"Feddern, AC-PV, 02-20-2018; 100 ul",6,0,1574,21.9,0.72,29.659,29.659
06/24/20,04:39:32,25836,SL_102605,"Feddern, AC-PV, 02-20-2018; 100 ul",7,0,1618.5,49.1,34.748,10.071,10.071
06/24/20,04:39:32,25836,SL_102605,"Feddern, AC-PV, 02-20-2018; 100 ul",8,0,1665.9,56.8,6.485,26.484,26.484
06/24/20,04:39:32,25836,SL_102605,"Feddern, AC-PV, 02-20-2018; 100 ul",9,0,1750.4,38.5,6.901,27.029,27.029
06/24/20,04:39:32,25836,SL_102605,"Feddern, AC-PV, 02-20-2018; 100 ul",10,0,1779.6,38.2,2.319,28.981,28.981
06/24/20,04:39:32,25836,SL_102605,"Feddern, AC-PV, 02-20-2018; 100 ul",11,0,1837.1,53.3,4.758,13.239,13.239
06/24/20,04:39:32,25836,SL_102605,"Feddern, AC-PV, 02-20-2018; 100 ul",12,0,2004.1,56.2,9.761,21.773,21.773
06/24/20,04:39:32,25836,SL_102605,"Feddern, AC-PV, 02-20-2018; 100 ul",13,0,2150.4,39.5,6.231,28.769,28.769
06/24/20,04:39:32,25836,SL_102605,"Feddern, AC-PV, 02-20-2018; 100 ul",14,0,2182.2,20.3,0.72,-33.821,-33.821
06/24/20,04:39:32,25836,SL_102605,"Feddern, AC-PV, 02-20-2018; 100 ul",15,0,2215.2,29.5,8.325,25.026,25.026
06/24/20,04:39:32,25836,SL_102605,"Feddern, AC-PV, 02-20-2018; 100 ul",16,0,2231.9,48.5,4.012,12.684,12.684
06/24/20,04:39:32,25836,SL_102605,"Feddern, AC-PV, 02-20-2018; 100 ul",17,0,2362.1,43.9,11.36,28.221,28.221
06/24/20,04:39:32,25836,SL_102605,"Feddern, AC-PV, 02-20-2018; 100 ul",18,0,2374.7,21.1,0.88,33.921,33.921
06/24/20,04:39:32,25836,SL_102605,"Feddern, AC-PV, 02-20-2018; 100 ul",19,0,2442.6,21.9,3.201,11.441,11.441
06/24/20,04:39:32,25836,SL_102605,"Feddern, AC-PV, 02-20-2018; 100 ul",20,0,2451.2,16.5,2.323,21.345,21.345
06/24/20,04:39:32,25836,SL_102605,"Feddern, AC-PV, 02-20-2018; 100 ul",21,0,2511.3,15.3,3.008,28.749,28.749
06/24/20,04:39:32,25836,SL_102605,"Feddern, AC-PV, 02-20-2018; 100 ul",22,0,2519.5,19.9,1.219,25.72,25.72
06/24/20,04:39:32,25836,SL_102605,"Feddern, AC-PV, 02-20-2018; 100 ul",23,0,2540.8,17.1,0.405,27.989,27.989
06/24/20,04:39:32,25836,SL_102605,"Feddern, AC-PV, 02-20-2018; 100 ul",24,0,2697.8,22.8,0.566,18.095,18.095
06/24/20,04:39:32,25836,SL_102605,"Feddern, AC-PV, 02-20-2018; 100 ul",25,0,3132.7,26.8,36.583,0.04,0.04
06/24/20,04:39:32,25836,SL_102605,"Feddern, AC-PV, 02-20-2018; 100 ul",26,1,3177.4,23.8,30.951,0,0
06/24/20,04:39:32,25836,SL_102605,"Feddern, AC-PV, 02-20-2018; 100 ul",27,0,3222.2,27,36.825,-0.104,-0.104
06/24/20,05:35:48,25837,SL_102605,"Feddern, AC-PV, 02-20-2018; 100 ul",1,0,47.4,26.8,36.52,-0.02,-0.02
06/24/20,05:35:48,25837,SL_102605,"Feddern, AC-PV, 02-20-2018; 100 ul",2,1,92.2,26.8,36.688,0,0
06/24/20,05:35:48,25837,SL_102605,"Feddern, AC-PV, 02-20-2018; 100 ul",3,0,137.1,26.8,36.706,0.045,0.045
06/24/20,05:35:48,25837,SL_102605,"Feddern, AC-PV, 02-20-2018; 100 ul",4,0,561.6,14.8,0.388,-10.68,-10.68
06/24/20,05:35:48,25837,SL_102605,"Feddern, AC-PV, 02-20-2018; 100 ul",5,0,1547.4,47.9,17.581,24.086,24.086
06/24/20,05:35:48,25837,SL_102605,"Feddern, AC-PV, 02-20-2018; 100 ul",6,0,1618.3,49.3,33.755,9.927,9.927
06/24/20,05:35:48,25837,SL_102605,"Feddern, AC-PV, 02-20-2018; 100 ul",7,0,1666.1,56.2,6.37,26.875,26.875
06/24/20,05:35:48,25837,SL_102605,"Feddern, AC-PV, 02-20-2018; 100 ul",8,0,1750.6,38.7,6.738,26.627,26.627
06/24/20,05:35:48,25837,SL_102605,"Feddern, AC-PV, 02-20-2018; 100 ul",9,0,1780.1,37.8,2.243,28.903,28.903
06/24/20,05:35:48,25837,SL_102605,"Feddern, AC-PV, 02-20-2018; 100 ul",10,0,1837.3,54.1,4.657,12.87,12.87
06/24/20,05:35:48,25837,SL_102605,"Feddern, AC-PV, 02-20-2018; 100 ul",11,0,2003.9,56.2,9.627,21.747,21.747
06/24/20,05:35:48,25837,SL_102605,"Feddern, AC-PV, 02-20-2018; 100 ul",12,0,2150.4,39.1,6.084,28.566,28.566
06/24/20,05:35:48,25837,SL_102605,"Feddern, AC-PV, 02-20-2018; 100 ul",13,0,2182.6,19.6,0.761,-40.599,-40.599
06/24/20,05:35:48,25837,SL_102605,"Feddern, AC-PV, 02-20-2018; 100 ul",14,0,2215.4,29.7,8.231,22.006,22.006
06/24/20,05:35:48,25837,SL_102605,"Feddern, AC-PV, 02-20-2018; 100 ul",15,0,2232.1,42.6,4.006,10.766,10.766
06/24/20,05:35:48,25837,SL_102605,"Feddern, AC-PV, 02-20-2018; 100 ul",16,0,2362.3,43.9,11.143,27.826,27.826
06/24/20,05:35:48,25837,SL_102605,"Feddern, AC-PV, 02-20-2018; 100 ul",17,0,2375.1,21.3,0.886,31.452,31.452
06/24/20,05:35:48,25837,SL_102605,"Feddern, AC-PV, 02-20-2018; 100 ul",18,0,2443,21.9,3.131,10.778,10.778
06/24/20,05:35:48,25837,SL_102605,"Feddern, AC-PV, 02-20-2018; 100 ul",19,0,2451.6,16.7,2.291,22.065,22.065
06/24/20,05:35:48,25837,SL_102605,"Feddern, AC-PV, 02-20-2018; 100 ul",20,0,2511.8,15.5,2.943,25.196,25.196
06/24/20,05:35:48,25837,SL_102605,"Feddern, AC-PV, 02-20-2018; 100 ul",21,0,2519.9,19.6,1.178,25.059,25.059
06/24/20,05:35:48,25837,SL_102605,"Feddern, AC-PV, 02-20-2018; 100 ul",22,0,2698.4,22.4,0.531,18.609,18.609
06/24/20,05:35:48,25837,SL_102605,"Feddern, AC-PV, 02-20-2018; 100 ul",23,0,3132.5,26.8,36.363,-0.053,-0.053
06/24/20,05:35:48,25837,SL_102605,"Feddern, AC-PV, 02-20-2018; 100 ul",24,1,3177.2,23.8,30.812,0,0
06/24/20,05:35:48,25837,SL_102605,"Feddern, AC-PV, 02-20-2018; 100 ul",25,0,3222.2,27,37.021,-0.033,-0.033
06/24/20,06:32:04,25838,SL_102605,"Feddern, AC-PV, 02-20-2018; 100 ul",1,0,47.4,26.1,35.543,0.066,0.066
06/24/20,06:32:04,25838,SL_102605,"Feddern, AC-PV, 02-20-2018; 100 ul",2,1,92.2,26.8,36.603,0,0
06/24/20,06:32:04,25838,SL_102605,"Feddern, AC-PV, 02-20-2018; 100 ul",3,0,137.1,26.8,36.768,-0.068,-0.068
06/24/20,06:32:04,25838,SL_102605,"Feddern, AC-PV, 02-20-2018; 100 ul",4,0,561.6,14.6,0.385,-8.785,-8.785
06/24/20,06:32:04,25838,SL_102605,"Feddern, AC-PV, 02-20-2018; 100 ul",5,0,1547.9,47.9,17.574,24.145,24.145
06/24/20,06:32:04,25838,SL_102605,"Feddern, AC-PV, 02-20-2018; 100 ul",6,0,1574.8,21.7,0.727,30.417,30.417
06/24/20,06:32:04,25838,SL_102605,"Feddern, AC-PV, 02-20-2018; 100 ul",7,0,1618.7,51,34.779,10.614,10.614
06/24/20,06:32:04,25838,SL_102605,"Feddern, AC-PV, 02-20-2018; 100 ul",8,0,1666.4,45.8,4.625,28.718,28.718
06/24/20,06:32:04,25838,SL_102605,"Feddern, AC-PV, 02-20-2018; 100 ul",9,0,1751,38.7,6.777,27.062,27.062
06/24/20,06:32:04,25838,SL_102605,"Feddern, AC-PV, 02-20-2018; 100 ul",10,0,1780.5,38.5,2.244,29.922,29.922
06/24/20,06:32:04,25838,SL_102605,"Feddern, AC-PV, 02-20-2018; 100 ul",11,0,1837.9,53.9,4.693,12.718,12.718
06/24/20,06:32:04,25838,SL_102605,"Feddern, AC-PV, 02-20-2018; 100 ul",12,0,2004.7,55.6,9.727,22.331,22.331
06/24/20,06:32:04,25838,SL_102605,"Feddern, AC-PV, 02-20-2018; 100 ul",13,0,2151,39.1,6.156,28.641,28.641
06/24/20,06:32:04,25838,SL_102605,"Feddern, AC-PV, 02-20-2018; 100 ul",14,0,2183,19.9,0.768,-39.657,-39.657
06/24/20,06:32:04,25838,SL_102605,"Feddern, AC-PV, 02-20-2018; 100 ul",15,0,2216,29.7,8.296,22.612,22.612
06/24/20,06:32:04,25838,SL_102605,"Feddern, AC-PV, 02-20-2018; 100 ul",16,0,2232.7,51.6,4.08,9.331,9.331
06/24/20,06:32:04,25838,SL_102605,"Feddern, AC-PV, 02-20-2018; 100 ul",17,0,2362.7,44.5,11.259,28.795,28.795
06/24/20,06:32:04,25838,SL_102605,"Feddern, AC-PV, 02-20-2018; 100 ul",18,0,2375.5,21.3,0.934,33.985,33.985
06/24/20,06:32:04,25838,SL_102605,"Feddern, AC-PV, 02-20-2018; 100 ul",19,0,2443.4,21.9,3.155,10.49,10.49
06/24/20,06:32:04,25838,SL_102605,"Feddern, AC-PV, 02-20-2018; 100 ul",20,0,2452,16.7,2.335,21.963,21.963
06/24/20,06:32:04,25838,SL_102605,"Feddern, AC-PV, 02-20-2018; 100 ul",21,0,2512.2,15.5,2.969,27.508,27.508
06/24/20,06:32:04,25838,SL_102605,"Feddern, AC-PV, 02-20-2018; 100 ul",22,0,2520.3,19.6,1.223,25.195,25.195
06/24/20,06:32:04,25838,SL_102605,"Feddern, AC-PV, 02-20-2018; 100 ul",23,0,2698.6,22.2,0.543,15.645,15.645
06/24/20,06:32:04,25838,SL_102605,"Feddern, AC-PV, 02-20-2018; 100 ul",24,0,3132.5,26.5,36.378,0.237,0.237
06/24/20,06:32:04,25838,SL_102605,"Feddern, AC-PV, 02-20-2018; 100 ul",25,1,3177.2,23.8,30.886,0,0
06/24/20,06:32:04,25838,SL_102605,"Feddern, AC-PV, 02-20-2018; 100 ul",26,0,3221.9,26.8,36.731,0.073,0.073
06/24/20,07:28:21,25839,12AA,"Feddern, AC-PV, 02-20-2018; 100 ul",1,0,47.7,26.8,36.598,0.141,0.141
06/24/20,07:28:21,25839,12AA,"Feddern, AC-PV, 02-20-2018; 100 ul",2,1,92.2,26.8,36.422,0,0
06/24/20,07:28:21,25839,12AA,"Feddern, AC-PV, 02-20-2018; 100 ul",3,0,137.1,26.8,36.55,0.236,0.236
06/24/20,07:28:21,25839,12AA,"Feddern, AC-PV, 02-20-2018; 100 ul",4,0,561.4,15.3,0.414,-8.257,-8.257
06/24/20,07:28:21,25839,12AA,"Feddern, AC-PV, 02-20-2018; 100 ul",5,0,1550.2,40.3,29.204,-0.923,-0.923
06/24/20,07:28:21,25839,12AA,"Feddern, AC-PV, 02-20-2018; 100 ul",6,0,1576.1,37.2,1.657,9.873,9.873
06/24/20,07:28:21,25839,12AA,"Feddern, AC-PV, 02-20-2018; 100 ul",7,0,1672.2,75.9,23.304,1.106,1.106
06/24/20,07:28:21,25839,12AA,"Feddern, AC-PV, 02-20-2018; 100 ul",8,0,1764,43.1,24.591,1.326,1.326
06/24/20,07:28:21,25839,12AA,"Feddern, AC-PV, 02-20-2018; 100 ul",9,0,1792.8,44.9,20.732,-0.361,-0.361
06/24/20,07:28:21,25839,12AA,"Feddern, AC-PV, 02-20-2018; 100 ul",10,0,1847.1,50.2,16.245,14.016,14.016
06/24/20,07:28:21,25839,12AA,"Feddern, AC-PV, 02-20-2018; 100 ul",11,0,1998.5,42,3.02,-10.763,-10.763
06/24/20,07:28:21,25839,12AA,"Feddern, AC-PV, 02-20-2018; 100 ul",12,0,2040.5,31.4,0.657,-2.523,-2.523
06/24/20,07:28:21,25839,12AA,"Feddern, AC-PV, 02-20-2018; 100 ul",13,0,2156.7,52.7,16.103,-4.744,-4.744
06/24/20,07:28:21,25839,12AA,"Feddern, AC-PV, 02-20-2018; 100 ul",14,0,2194.7,30.9,14.565,-2.016,-2.016
06/24/20,07:28:21,25839,12AA,"Feddern, AC-PV, 02-20-2018; 100 ul",15,0,2224.6,27.4,21.053,-8.66,-8.66
06/24/20,07:28:21,25839,12AA,"Feddern, AC-PV, 02-20-2018; 100 ul",16,0,2243.8,60.6,18.488,1.538,1.538
06/24/20,07:28:21,25839,12AA,"Feddern, AC-PV, 02-20-2018; 100 ul",17,0,2366.1,59.8,17.195,-2.7,-2.7
06/24/20,07:28:21,25839,12AA,"Feddern, AC-PV, 02-20-2018; 100 ul",18,0,2451.6,68.8,20.635,3.432,3.432
06/24/20,07:28:21,25839,12AA,"Feddern, AC-PV, 02-20-2018; 100 ul",19,0,2724.3,17.6,0.887,1.784,1.784
06/24/20,07:28:21,25839,12AA,"Feddern, AC-PV, 02-20-2018; 100 ul",20,0,2787.9,26.3,10.705,3.878,3.878
06/24/20,07:28:21,25839,12AA,"Feddern, AC-PV, 02-20-2018; 100 ul",21,0,2801.6,27.4,0.796,2.756,2.756
06/24/20,07:28:21,25839,12AA,"Feddern, AC-PV, 02-20-2018; 100 ul",22,0,2868.5,14,0.641,-15.768,-15.768
06/24/20,07:28:21,25839,12AA,"Feddern, AC-PV, 02-20-2018; 100 ul",23,0,3132.5,26.5,36.337,0.133,0.133
06/24/20,07:28:21,25839,12AA,"Feddern, AC-PV, 02-20-2018; 100 ul",24,1,3177.4,23.8,30.818,0,0
06/24/20,07:28:21,25839,12AA,"Feddern, AC-PV, 02-20-2018; 100 ul",25,0,3222.2,26.8,36.744,0.014,0.014
06/24/20,08:24:37,25840,SL_92554,"Feddern, AC-PV, 02-20-2018; 100 ul",1,0,47.4,25.9,34.697,0.08,0.08
06/24/20,08:24:37,25840,SL_92554,"Feddern, AC-PV, 02-20-2018; 100 ul",2,1,92.2,26.5,36.511,0,0
06/24/20,08:24:37,25840,SL_92554,"Feddern, AC-PV, 02-20-2018; 100 ul",3,0,137.1,27,37.089,-0.002,-0.002
06/24/20,08:24:37,25840,SL_92554,"Feddern, AC-PV, 02-20-2018; 100 ul",4,0,561.4,16.9,0.413,-9.571,-9.571
06/24/20,08:24:37,25840,SL_92554,"Feddern, AC-PV, 02-20-2018; 100 ul",5,0,1555.6,56.2,41.277,22.575,22.575
06/24/20,08:24:37,25840,SL_92554,"Feddern, AC-PV, 02-20-2018; 100 ul",6,0,1576.7,19.2,1.504,28.171,28.171
06/24/20,08:24:37,25840,SL_92554,"Feddern, AC-PV, 02-20-2018; 100 ul",7,0,1634.4,66.7,103.232,12.017,12.017
06/24/20,08:24:37,25840,SL_92554,"Feddern, AC-PV, 02-20-2018; 100 ul",8,0,1672.2,71.5,12.621,23.582,23.582
06/24/20,08:24:37,25840,SL_92554,"Feddern, AC-PV, 02-20-2018; 100 ul",9,0,1756.2,40.5,9.77,25.263,25.263
06/24/20,08:24:37,25840,SL_92554,"Feddern, AC-PV, 02-20-2018; 100 ul",10,0,1784,36.8,2.889,26.829,26.829
06/24/20,08:24:37,25840,SL_92554,"Feddern, AC-PV, 02-20-2018; 100 ul",11,0,1840.5,53.1,4.97,12.459,12.459
06/24/20,08:24:37,25840,SL_92554,"Feddern, AC-PV, 02-20-2018; 100 ul",12,0,1923.2,59.6,0.861,16.187,16.187
06/24/20,08:24:37,25840,SL_92554,"Feddern, AC-PV, 02-20-2018; 100 ul",13,0,2012.9,54.1,17.546,23.594,23.594
06/24/20,08:24:37,25840,SL_92554,"Feddern, AC-PV, 02-20-2018; 100 ul",14,0,2041.3,27.6,1.389,23.019,23.019
06/24/20,08:24:37,25840,SL_92554,"Feddern, AC-PV, 02-20-2018; 100 ul",15,0,2157.3,58.7,16.829,29.304,29.304
06/24/20,08:24:37,25840,SL_92554,"Feddern, AC-PV, 02-20-2018; 100 ul",16,0,2187.8,23.2,4.072,-19.621,-19.621
06/24/20,08:24:37,25840,SL_92554,"Feddern, AC-PV, 02-20-2018; 100 ul",17,0,2220.8,29.5,14.513,21.467,21.467
06/24/20,08:24:37,25840,SL_92554,"Feddern, AC-PV, 02-20-2018; 100 ul",18,0,2239,48.9,11.245,14.202,14.202
06/24/20,08:24:37,25840,SL_92554,"Feddern, AC-PV, 02-20-2018; 100 ul",19,0,2367.8,44.1,21.622,24.555,24.555
06/24/20,08:24:37,25840,SL_92554,"Feddern, AC-PV, 02-20-2018; 100 ul",20,0,2378.8,32.2,2.708,26.947,26.947
06/24/20,08:24:37,25840,SL_92554,"Feddern, AC-PV, 02-20-2018; 100 ul",21,0,2445.5,24.2,5.809,17.745,17.745
06/24/20,08:24:37,25840,SL_92554,"Feddern, AC-PV, 02-20-2018; 100 ul",22,0,2455.8,16.5,5.577,23.42,23.42
06/24/20,08:24:37,25840,SL_92554,"Feddern, AC-PV, 02-20-2018; 100 ul",23,0,2477.3,18.6,0.75,24.358,24.358
06/24/20,08:24:37,25840,SL_92554,"Feddern, AC-PV, 02-20-2018; 100 ul",24,0,2517.2,21.3,11.047,28.864,28.864
06/24/20,08:24:37,25840,SL_92554,"Feddern, AC-PV, 02-20-2018; 100 ul",25,0,2523.5,17.3,3.435,32.18,32.18
06/24/20,08:24:37,25840,SL_92554,"Feddern, AC-PV, 02-20-2018; 100 ul",26,0,2543.3,40.1,1.077,35.752,35.752
06/24/20,08:24:37,25840,SL_92554,"Feddern, AC-PV, 02-20-2018; 100 ul",27,0,2605,9.8,0.217,26.409,26.409
06/24/20,08:24:37,25840,SL_92554,"Feddern, AC-PV, 02-20-2018; 100 ul",28,0,2614.8,9.8,0.552,20.688,20.688
06/24/20,08:24:37,25840,SL_92554,"Feddern, AC-PV, 02-20-2018; 100 ul",29,0,2623.4,17.3,0.683,25.046,25.046
06/24/20,08:24:37,25840,SL_92554,"Feddern, AC-PV, 02-20-2018; 100 ul",30,0,2699.9,22.2,2.394,19.107,19.107
06/24/20,08:24:37,25840,SL_92554,"Feddern, AC-PV, 02-20-2018; 100 ul",31,0,2730.4,10,0.543,6.306,6.306
06/24/20,08:24:37,25840,SL_92554,"Feddern, AC-PV, 02-20-2018; 100 ul",32,0,2779.3,21.9,0.758,17.661,17.661
06/24/20,08:24:37,25840,SL_92554,"Feddern, AC-PV, 02-20-2018; 100 ul",33,0,2846.6,18.6,1.274,20.313,20.313
06/24/20,08:24:37,25840,SL_92554,"Feddern, AC-PV, 02-20-2018; 100 ul",34,0,2867.9,12.5,0.486,17.441,17.441
06/24/20,08:24:37,25840,SL_92554,"Feddern, AC-PV, 02-20-2018; 100 ul",35,0,2874.8,11.5,0.338,36.026,36.026
06/24/20,08:24:37,25840,SL_92554,"Feddern, AC-PV, 02-20-2018; 100 ul",36,0,2897.6,18.6,0.254,22.864,22.864
06/24/20,08:24:37,25840,SL_92554,"Feddern, AC-PV, 02-20-2018; 100 ul",37,0,3129.4,26.8,36.772,0.065,0.065
06/24/20,08:24:37,25840,SL_92554,"Feddern, AC-PV, 02-20-2018; 100 ul",38,1,3177.4,23.8,30.977,0,0
06/24/20,08:24:37,25840,SL_92554,"Feddern, AC-PV, 02-20-2018; 100 ul",39,0,3222.4,26.8,36.871,-0.109,-0.109
06/24/20,09:20:53,25841,SL_92554,"Feddern, AC-PV, 02-20-2018; 100 ul",1,0,47.7,26.8,36.812,0,0
06/24/20,09:20:53,25841,SL_92554,"Feddern, AC-PV, 02-20-2018; 100 ul",2,1,92.2,26.8,36.652,0,0
06/24/20,09:20:53,25841,SL_92554,"Feddern, AC-PV, 02-20-2018; 100 ul",3,0,137.1,26.8,36.83,-0.105,-0.105
06/24/20,09:20:53,25841,SL_92554,"Feddern, AC-PV, 02-20-2018; 100 ul",4,0,561.4,8.6,0.378,-6.463,-6.463
06/24/20,09:20:53,25841,SL_92554,"Feddern, AC-PV, 02-20-2018; 100 ul",5,0,1556,57.1,41.68,22.323,22.323
06/24/20,09:20:53,25841,SL_92554,"Feddern, AC-PV, 02-20-2018; 100 ul",6,0,1576.9,19,1.504,26.399,26.399
06/24/20,09:20:53,25841,SL_92554,"Feddern, AC-PV, 02-20-2018; 100 ul",7,0,1635.2,67.1,105.951,11.908,11.908
06/24/20,09:20:53,25841,SL_92554,"Feddern, AC-PV, 02-20-2018; 100 ul",8,0,1672.6,71.7,12.746,23.516,23.516
06/24/20,09:20:53,25841,SL_92554,"Feddern, AC-PV, 02-20-2018; 100 ul",9,0,1756.9,40.1,10.089,25.503,25.503
06/24/20,09:20:53,25841,SL_92554,"Feddern, AC-PV, 02-20-2018; 100 ul",10,0,1784.7,37,3.011,26.724,26.724
06/24/20,09:20:53,25841,SL_92554,"Feddern, AC-PV, 02-20-2018; 100 ul",11,0,1841.1,53.3,5.114,12.749,12.749
06/24/20,09:20:53,25841,SL_92554,"Feddern, AC-PV, 02-20-2018; 100 ul",12,0,1924.7,49.7,0.887,12.65,12.65
06/24/20,09:20:53,25841,SL_92554,"Feddern, AC-PV, 02-20-2018; 100 ul",13,0,2013.9,53.7,17.926,23.814,23.814
06/24/20,09:20:53,25841,SL_92554,"Feddern, AC-PV, 02-20-2018; 100 ul",14,0,2042.1,28,1.423,24.446,24.446
06/24/20,09:20:53,25841,SL_92554,"Feddern, AC-PV, 02-20-2018; 100 ul",15,0,2157.9,58.5,17.236,29.644,29.644
06/24/20,09:20:53,25841,SL_92554,"Feddern, AC-PV, 02-20-2018; 100 ul",16,0,2188.2,23,4.194,-19.883,-19.883
06/24/20,09:20:53,25841,SL_92554,"Feddern, AC-PV, 02-20-2018; 100 ul",17,0,2221.3,29.7,15.085,20.53,20.53
06/24/20,09:20:53,25841,SL_92554,"Feddern, AC-PV, 02-20-2018; 100 ul",18,0,2239.4,48.9,11.643,13.695,13.695
06/24/20,09:20:53,25841,SL_92554,"Feddern, AC-PV, 02-20-2018; 100 ul",19,0,2368.2,44.7,22.423,24.58,24.58
06/24/20,09:20:53,25841,SL_92554,"Feddern, AC-PV, 02-20-2018; 100 ul",20,0,2379.3,16.7,2.202,25.301,25.301
06/24/20,09:20:53,25841,SL_92554,"Feddern, AC-PV, 02-20-2018; 100 ul",21,0,2445.7,24,6.083,15.647,15.647
06/24/20,09:20:53,25841,SL_92554,"Feddern, AC-PV, 02-20-2018; 100 ul",22,0,2456,16.5,5.844,21.211,21.211
06/24/20,09:20:53,25841,SL_92554,"Feddern, AC-PV, 02-20-2018; 100 ul",23,0,2477.7,18.6,0.761,24.927,24.927
06/24/20,09:20:53,25841,SL_92554,"Feddern, AC-PV, 02-20-2018; 100 ul",24,0,2517.4,21.1,11.571,28.182,28.182
06/24/20,09:20:53,25841,SL_92554,"Feddern, AC-PV, 02-20-2018; 100 ul",25,0,2523.7,17.1,3.55,33.657,33.657
06/24/20,09:20:53,25841,SL_92554,"Feddern, AC-PV, 02-20-2018; 100 ul",26,0,2543.5,39.9,1.105,37.621,37.621
06/24/20,09:20:53,25841,SL_92554,"Feddern, AC-PV, 02-20-2018; 100 ul",27,0,2605,9.8,0.219,22.601,22.601
06/24/20,09:20:53,25841,SL_92554,"Feddern, AC-PV, 02-20-2018; 100 ul",28,0,2615,9.8,0.572,23.446,23.446
06/24/20,09:20:53,25841,SL_92554,"Feddern, AC-PV, 02-20-2018; 100 ul",29,0,2623.4,17.6,0.704,24.848,24.848
06/24/20,09:20:53,25841,SL_92554,"Feddern, AC-PV, 02-20-2018; 100 ul",30,0,2699.9,22.4,2.322,18.919,18.919
06/24/20,09:20:53,25841,SL_92554,"Feddern, AC-PV, 02-20-2018; 100 ul",31,0,2730.6,9.8,0.451,3.272,3.272
06/24/20,09:20:53,25841,SL_92554,"Feddern, AC-PV, 02-20-2018; 100 ul",32,0,2779.3,21.7,0.78,17.777,17.777
06/24/20,09:20:53,25841,SL_92554,"Feddern, AC-PV, 02-20-2018; 100 ul",33,0,2796.8,19.4,0.71,21.908,21.908
06/24/20,09:20:53,25841,SL_92554,"Feddern, AC-PV, 02-20-2018; 100 ul",34,0,2846.8,18.6,1.302,19.234,19.234
06/24/20,09:20:53,25841,SL_92554,"Feddern, AC-PV, 02-20-2018; 100 ul",35,0,2867.9,12.5,0.509,15.669,15.669
06/24/20,09:20:53,25841,SL_92554,"Feddern, AC-PV, 02-20-2018; 100 ul",36,0,2874.8,11.5,0.355,33.212,33.212
06/24/20,09:20:53,25841,SL_92554,"Feddern, AC-PV, 02-20-2018; 100 ul",37,0,2897.6,18.6,0.253,18.512,18.512
06/24/20,09:20:53,25841,SL_92554,"Feddern, AC-PV, 02-20-2018; 100 ul",38,0,3132.7,26.5,36.689,0.1,0.1
06/24/20,09:20:53,25841,SL_92554,"Feddern, AC-PV, 02-20-2018; 100 ul",39,1,3177.4,23.8,30.92,0,0
06/24/20,09:20:53,25841,SL_92554,"Feddern, AC-PV, 02-20-2018; 100 ul",40,0,3222.4,26.8,36.935,-0.054,-0.054
06/24/20,10:17:12,25842,SL_92554,"Feddern, AC-PV, 02-20-2018; 100 ul",1,0,47.4,26.8,36.33,0.398,0.398
06/24/20,10:17:12,25842,SL_92554,"Feddern, AC-PV, 02-20-2018; 100 ul",2,1,92.2,26.8,36.398,0,0
06/24/20,10:17:12,25842,SL_92554,"Feddern, AC-PV, 02-20-2018; 100 ul",3,0,137.1,26.8,36.598,-0.06,-0.06
06/24/20,10:17:12,25842,SL_92554,"Feddern, AC-PV, 02-20-2018; 100 ul",4,0,561.6,8.4,0.379,-5.659,-5.659
06/24/20,10:17:12,25842,SL_92554,"Feddern, AC-PV, 02-20-2018; 100 ul",5,0,1556.6,56.4,40.118,22.477,22.477
06/24/20,10:17:12,25842,SL_92554,"Feddern, AC-PV, 02-20-2018; 100 ul",6,0,1577.5,19.2,1.458,28.826,28.826
06/24/20,10:17:12,25842,SL_92554,"Feddern, AC-PV, 02-20-2018; 100 ul",7,0,1635.4,67.1,102.876,12.054,12.054
06/24/20,10:17:12,25842,SL_92554,"Feddern, AC-PV, 02-20-2018; 100 ul",8,0,1673.3,71.5,12.244,24.047,24.047
06/24/20,10:17:12,25842,SL_92554,"Feddern, AC-PV, 02-20-2018; 100 ul",9,0,1757.7,39.9,9.817,25.221,25.221
06/24/20,10:17:12,25842,SL_92554,"Feddern, AC-PV, 02-20-2018; 100 ul",10,0,1785.7,38,2.928,26.727,26.727
06/24/20,10:17:12,25842,SL_92554,"Feddern, AC-PV, 02-20-2018; 100 ul",11,0,1842.3,52.7,4.971,12.946,12.946
06/24/20,10:17:12,25842,SL_92554,"Feddern, AC-PV, 02-20-2018; 100 ul",12,0,1925.7,50.6,0.873,13.32,13.32
06/24/20,10:17:12,25842,SL_92554,"Feddern, AC-PV, 02-20-2018; 100 ul",13,0,2015.4,53.3,17.301,23.638,23.638
06/24/20,10:17:12,25842,SL_92554,"Feddern, AC-PV, 02-20-2018; 100 ul",14,0,2043.4,27.2,1.363,24.991,24.991
06/24/20,10:17:12,25842,SL_92554,"Feddern, AC-PV, 02-20-2018; 100 ul",15,0,2159.2,57.7,16.63,28.872,28.872
06/24/20,10:17:12,25842,SL_92554,"Feddern, AC-PV, 02-20-2018; 100 ul",16,0,2189.5,23,4.04,-20.507,-20.507
06/24/20,10:17:12,25842,SL_92554,"Feddern, AC-PV, 02-20-2018; 100 ul",17,0,2222.3,29.5,14.537,20.611,20.611
06/24/20,10:17:12,25842,SL_92554,"Feddern, AC-PV, 02-20-2018; 100 ul",18,0,2240.7,49.1,11.225,13.343,13.343
06/24/20,10:17:12,25842,SL_92554,"Feddern, AC-PV, 02-20-2018; 100 ul",19,0,2369,44.7,21.725,24.977,24.977
06/24/20,10:17:12,25842,SL_92554,"Feddern, AC-PV, 02-20-2018; 100 ul",20,0,2380.3,16.7,2.116,26.498,26.498
06/24/20,10:17:12,25842,SL_92554,"Feddern, AC-PV, 02-20-2018; 100 ul",21,0,2446.8,23.8,5.846,14.618,14.618
06/24/20,10:17:12,25842,SL_92554,"Feddern, AC-PV, 02-20-2018; 100 ul",22,0,2457,16.5,5.71,23.65,23.65
06/24/20,10:17:12,25842,SL_92554,"Feddern, AC-PV, 02-20-2018; 100 ul",23,0,2478.5,18.4,0.747,19.275,19.275
06/24/20,10:17:12,25842,SL_92554,"Feddern, AC-PV, 02-20-2018; 100 ul",24,0,2518.5,21.3,11.221,31.38,31.38
06/24/20,10:17:12,25842,SL_92554,"Feddern, AC-PV, 02-20-2018; 100 ul",25,0,2524.7,17.3,3.509,21.68,21.68
06/24/20,10:17:12,25842,SL_92554,"Feddern, AC-PV, 02-20-2018; 100 ul",26,0,2544.6,39.7,1.096,36.979,36.979
06/24/20,10:17:12,25842,SL_92554,"Feddern, AC-PV, 02-20-2018; 100 ul",27,0,2616.3,10,0.568,22.441,22.441
06/24/20,10:17:12,25842,SL_92554,"Feddern, AC-PV, 02-20-2018; 100 ul",28,0,2624.8,17.6,0.679,22.933,22.933
06/24/20,10:17:12,25842,SL_92554,"Feddern, AC-PV, 02-20-2018; 100 ul",29,0,2701.1,22.4,2.203,18.709,18.709
06/24/20,10:17:12,25842,SL_92554,"Feddern, AC-PV, 02-20-2018; 100 ul",30,0,2732,10.2,0.441,4.575,4.575
06/24/20,10:17:12,25842,SL_92554,"Feddern, AC-PV, 02-20-2018; 100 ul",31,0,2780.7,21.7,0.734,17.587,17.587
06/24/20,10:17:12,25842,SL_92554,"Feddern, AC-PV, 02-20-2018; 100 ul",32,0,2848.5,18.6,1.23,21.868,21.868
06/24/20,10:17:12,25842,SL_92554,"Feddern, AC-PV, 02-20-2018; 100 ul",33,0,2870,12.5,0.481,19.742,19.742
06/24/20,10:17:12,25842,SL_92554,"Feddern, AC-PV, 02-20-2018; 100 ul",34,0,2876.7,11.7,0.335,40.604,40.604
06/24/20,10:17:12,25842,SL_92554,"Feddern, AC-PV, 02-20-2018; 100 ul",35,0,3132.7,26.8,36.956,0.058,0.058
06/24/20,10:17:12,25842,SL_92554,"Feddern, AC-PV, 02-20-2018; 100 ul",36,1,3177.6,23.8,31.25,0,0
06/24/20,10:17:12,25842,SL_92554,"Feddern, AC-PV, 02-20-2018; 100 ul",37,0,3222.4,26.8,37.13,-0.098,-0.098
06/24/20,11:13:30,25843,12AA,"Feddern, AC-PV, 02-20-2018; 100 ul",1,0,47.4,27,37.034,0.039,0.039
06/24/20,11:13:30,25843,12AA,"Feddern, AC-PV, 02-20-2018; 100 ul",2,1,92.2,26.5,36.731,0,0
06/24/20,11:13:30,25843,12AA,"Feddern, AC-PV, 02-20-2018; 100 ul",3,0,137.1,26.8,37.013,-0.079,-0.079
06/24/20,11:13:30,25843,12AA,"Feddern, AC-PV, 02-20-2018; 100 ul",4,0,561.4,8.2,0.365,-3.876,-3.876
06/24/20,11:13:30,25843,12AA,"Feddern, AC-PV, 02-20-2018; 100 ul",5,0,1551.6,39.9,29.2,-0.714,-0.714
06/24/20,11:13:30,25843,12AA,"Feddern, AC-PV, 02-20-2018; 100 ul",6,0,1576.9,27.8,1.4,8.248,8.248
06/24/20,11:13:30,25843,12AA,"Feddern, AC-PV, 02-20-2018; 100 ul",7,0,1673.9,74.4,23.71,1.314,1.314
06/24/20,11:13:30,25843,12AA,"Feddern, AC-PV, 02-20-2018; 100 ul",8,0,1766.3,44.3,24.418,1.252,1.252
06/24/20,11:13:30,25843,12AA,"Feddern, AC-PV, 02-20-2018; 100 ul",9,0,1795.1,44.5,20.441,-0.382,-0.382
06/24/20,11:13:30,25843,12AA,"Feddern, AC-PV, 02-20-2018; 100 ul",10,0,1849.7,50.6,16.252,13.732,13.732
06/24/20,11:13:30,25843,12AA,"Feddern, AC-PV, 02-20-2018; 100 ul",11,0,2001.6,41.4,2.941,-11.159,-11.159
06/24/20,11:13:30,25843,12AA,"Feddern, AC-PV, 02-20-2018; 100 ul",12,0,2042.8,30.3,0.661,-0.941,-0.941
06/24/20,11:13:30,25843,12AA,"Feddern, AC-PV, 02-20-2018; 100 ul",13,0,2158.8,52,15.786,-4.22,-4.22
06/24/20,11:13:30,25843,12AA,"Feddern, AC-PV, 02-20-2018; 100 ul",14,0,2196.4,31.1,14.38,-2.197,-2.197
06/24/20,11:13:30,25843,12AA,"Feddern, AC-PV, 02-20-2018; 100 ul",15,0,2226.5,27.4,20.732,-8.097,-8.097
06/24/20,11:13:30,25843,12AA,"Feddern, AC-PV, 02-20-2018; 100 ul",16,0,2245.5,43.9,17.606,1.662,1.662
06/24/20,11:13:30,25843,12AA,"Feddern, AC-PV, 02-20-2018; 100 ul",17,0,2367.1,60,16.863,-2.57,-2.57
06/24/20,11:13:30,25843,12AA,"Feddern, AC-PV, 02-20-2018; 100 ul",18,0,2452.4,67.7,20.142,3.696,3.696
06/24/20,11:13:30,25843,12AA,"Feddern, AC-PV, 02-20-2018; 100 ul",19,0,2724.9,17.3,0.749,3.629,3.629
06/24/20,11:13:30,25843,12AA,"Feddern, AC-PV, 02-20-2018; 100 ul",20,0,2788.3,26.3,10.526,5.008,5.008
06/24/20,11:13:30,25843,12AA,"Feddern, AC-PV, 02-20-2018; 100 ul",21,0,2802.1,22.8,0.785,16.849,16.849
06/24/20,11:13:30,25843,12AA,"Feddern, AC-PV, 02-20-2018; 100 ul",22,0,2869.2,14.2,0.632,-6.915,-6.915
06/24/20,11:13:30,25843,12AA,"Feddern, AC-PV, 02-20-2018; 100 ul",23,0,3132.7,26.8,37.117,0.034,0.034
06/24/20,11:13:30,25843,12AA,"Feddern, AC-PV, 02-20-2018; 100 ul",24,1,3177.4,23.8,31.229,0,0
06/24/20,11:13:30,25843,12AA,"Feddern, AC-PV, 02-20-2018; 100 ul",25,0,3222.2,26.8,37.259,-0.006,-0.006
06/24/20,12:09:45,25844,12AA,"Feddern, AC-PV, 02-20-2018; 100 ul",1,0,47.4,27,37.03,0.011,0.011
06/24/20,12:09:45,25844,12AA,"Feddern, AC-PV, 02-20-2018; 100 ul",2,1,92.2,27,36.993,0,0
06/24/20,12:09:45,25844,12AA,"Feddern, AC-PV, 02-20-2018; 100 ul",3,0,136.9,26.8,37.11,-0.024,-0.024
06/24/20,12:09:45,25844,12AA,"Feddern, AC-PV, 02-20-2018; 100 ul",4,0,561.6,8.2,0.362,-7.267,-7.267
06/24/20,12:09:45,25844,12AA,"Feddern, AC-PV, 02-20-2018; 100 ul",5,0,1552,39.9,29.287,-0.56,-0.56
06/24/20,12:09:45,25844,12AA,"Feddern, AC-PV, 02-20-2018; 100 ul",6,0,1577.3,27.6,1.374,7.484,7.484
06/24/20,12:09:45,25844,12AA,"Feddern, AC-PV, 02-20-2018; 100 ul",7,0,1674.3,75.9,23.573,1.372,1.372
06/24/20,12:09:45,25844,12AA,"Feddern, AC-PV, 02-20-2018; 100 ul",8,0,1766.7,43.9,24.205,1.245,1.245
06/24/20,12:09:45,25844,12AA,"Feddern, AC-PV, 02-20-2018; 100 ul",9,0,1795.5,44.5,20.337,-0.332,-0.332
06/24/20,12:09:45,25844,12AA,"Feddern, AC-PV, 02-20-2018; 100 ul",10,0,1850.1,50.4,16.114,13.746,13.746
06/24/20,12:09:45,25844,12AA,"Feddern, AC-PV, 02-20-2018; 100 ul",11,0,2002,46.8,2.962,-11.093,-11.093
06/24/20,12:09:45,25844,12AA,"Feddern, AC-PV, 02-20-2018; 100 ul",12,0,2043.2,30.3,0.665,-0.003,-0.003
06/24/20,12:09:45,25844,12AA,"Feddern, AC-PV, 02-20-2018; 100 ul",13,0,2159,52.5,15.742,-4.273,-4.273
06/24/20,12:09:45,25844,12AA,"Feddern, AC-PV, 02-20-2018; 100 ul",14,0,2197,31.1,14.281,-2.507,-2.507
06/24/20,12:09:45,25844,12AA,"Feddern, AC-PV, 02-20-2018; 100 ul",15,0,2226.9,27.4,20.62,-8.027,-8.027
06/24/20,12:09:45,25844,12AA,"Feddern, AC-PV, 02-20-2018; 100 ul",16,0,2245.7,58.3,18.052,-0.041,-0.041
06/24/20,12:09:45,25844,12AA,"Feddern, AC-PV, 02-20-2018; 100 ul",17,0,2367.6,61.4,16.953,-2.353,-2.353
06/24/20,12:09:45,25844,12AA,"Feddern, AC-PV, 02-20-2018; 100 ul",18,0,2453,67.9,20.042,3.598,3.598
06/24/20,12:09:45,25844,12AA,"Feddern, AC-PV, 02-20-2018; 100 ul",19,0,2725.8,17.6,0.805,4.385,4.385
06/24/20,12:09:45,25844,12AA,"Feddern, AC-PV, 02-20-2018; 100 ul",20,0,2789.3,26.8,10.696,5.098,5.098
06/24/20,12:09:45,25844,12AA,"Feddern, AC-PV, 02-20-2018; 100 ul",21,0,2802.9,27,0.795,6.495,6.495
06/24/20,12:09:45,25844,12AA,"Feddern, AC-PV, 02-20-2018; 100 ul",22,0,2870,14.4,0.647,-16.505,-16.505
06/24/20,12:09:45,25844,12AA,"Feddern, AC-PV, 02-20-2018; 100 ul",23,0,3132.7,26.8,37.219,0.144,0.144
06/24/20,12:09:45,25844,12AA,"Feddern, AC-PV, 02-20-2018; 100 ul",24,1,3177.4,23.8,31.189,0,0
06/24/20,12:09:45,25844,12AA,"Feddern, AC-PV, 02-20-2018; 100 ul",25,0,3222.2,26.8,37.087,-0.006,-0.006