,Sample.ID,NLE.mean,ALA.mean,VAL.mean,ILE.mean,ASP.mean,PHE.mean,GLU.mean,TYR.mean,THR.mean,SER.mean,PRO.mean,GLY.mean,Year,Region,Length,Type,Age,Sex,Lifestage,Place.Holder,Lat,Long,State,locality,Species,month
1,UA_11777,12.70605943,24.94300814,27.9049889,NA,26.46616578,10.86133866,28.87627679,NA,-25.5156962,18.05394546,26.80133333,11.59666667,1972,SE,1321,Total Length,,F,,1,57.31666667,-133.5,AK,,Harbor Seal,NA
2,UA_19119,13.1256643,26.3013878,26.26616815,NA,29.16520012,12.68146596,31.61285198,NA,-31.2271794,19.04623505,28.95833333,9.566666667,1972,SE,1448,Total Length,,M,Adult,1,57.31666667,-133.5,AK,,Harbor Seal,NA
3,UA_99543,13.32026221,23.74117747,26.91242466,NA,24.00161397,10.94998283,27.96036738,NA,-35.92554374,10.82711094,27.00233333,7.63,2003,SE,1540,Total Length,5,M,Adult,1,59.46,-139.633,AK,,Harbor Seal,NA
4,UA_99544,14.32899067,22.35446448,23.65657874,NA,24.04891297,10.78818887,25.87545885,NA,-27.65739387,12.34215468,26.503,10.213,2003,SE,1420,Total Length,3,M,Adult,1,59.46,-139.633,AK,,Harbor Seal,NA
5,UA_19123,13.88382948,26.16983141,27.64448742,NA,27.29906187,10.50017451,28.87726599,NA,-28.73223105,18.10381927,32.02266667,11.73566667,1972,SE,1536.7,Total Length,,M,Adult,1,57.31666667,-133.5,AK,,Harbor Seal,NA
6,UA_35432,12.13197539,23.56145682,25.61983555,NA,24.86793939,13.51082534,26.68983796,NA,-24.45168669,16.56321459,27.641,11.2365,1995,SE,1110,Total Length,,M,,1,57.25055556,-135.3836111,AK,,Harbor Seal,NA
7,UA_35434,13.7822167,21.19852501,24.80566356,NA,24.64652901,10.35739802,26.40187552,NA,-19.40305018,13.5456828,25.195,10.045,1996,SE,1020,Total Length,,M,,1,57.03416667,-135.2166667,AK,,Harbor Seal,NA
8,UA_37973,14.15152812,22.63126406,24.8398804,NA,23.53022735,10.04461575,26.33890882,NA,-23.99968324,19.78216045,26.168,9.224333333,1995,SE,1260,Total Length,,F,,1,55.525,-131.85,AK,,Harbor Seal,NA
9,UA_37974,14.68881853,23.89903427,25.52659584,NA,23.53341104,9.780950044,26.77078264,NA,-25.09271425,16.52822476,26.51733333,9.023333333,1995,SE,1170,Total Length,,M,,1,55.525,-131.85,AK,,Harbor Seal,NA
10,UA_99572,13.94584044,23.41396189,25.89104566,NA,23.11404603,10.95473231,27.24174933,NA,-31.52108119,13.83041378,28.039,8.243666667,2003,SE,NA,,11,,Adult,1,59.555,-139.798,AK,,Harbor Seal,NA
11,UA_11713,12.82847691,24.18158185,24.31755773,NA,23.73680195,11.3619661,27.18928878,NA,-32.52043976,14.4862648,26.40933333,9.011666667,1965,SE,NA,,,,,1,55.28333333,-132.0666667,AK,,Harbor Seal,NA
12,UA_11779,NA,22.47344242,23.81949556,NA,23.595246,8.82982312,23.40487522,NA,-28.17958156,11.63115912,22.87066667,9.556,1972,SE,1334,Total Length,,F,,1,57.25055556,-135.3836111,AK,,Harbor Seal,NA
13,UA_36254,14.41604159,22.82226976,25.67752102,NA,23.72188558,10.04665668,26.40426562,NA,-24.83616674,14.3319274,26.48033333,10.58066667,1965,SE,NA,,,M,,1,55.625,-131.9611111,AK,,Harbor Seal,NA
14,UA_41615,14.40362863,22.35628175,23.66213677,NA,22.19827309,9.751989565,22.04381816,NA,-32.31999637,16.5180575,23.31933333,7.969666667,1995,SE,1780,Total Length,,F,,1,55.605,-133.085,AK,,Harbor Seal,NA
15,UA_41616,13.01539728,22.99226051,20.61550681,NA,22.29785613,8.87896566,26.51584133,NA,-28.70426939,17.95906157,24.25266667,8.454666667,1995,SE,1550,Total Length,,F,,1,55.605,-133.085,AK,,Harbor Seal,NA
16,UA_99566,12.60927043,23.37408785,25.6868656,NA,23.56216237,12.18613255,26.48056505,NA,-27.82985457,17.31916319,23.451,10.41066667,2003,SE,NA,,2,,,1,59.555,-139.798,AK,,Harbor Seal,NA
17,UA_99535,14.54377997,22.48071966,25.76820367,NA,23.26772706,13.4953303,26.30616156,NA,-30.78940993,11.84195759,27.71533333,8.641333333,2003,SE,1250,Total Length,12,F,Adult,1,59.364,-139.368,AK,,Harbor Seal,NA
18,UA_99536,13.62636397,20.66839491,22.1401119,NA,21.15855062,11.54848949,23.92387256,NA,-29.32624497,15.88243443,22.38733333,8.765,2003,SE,1430,Total Length,5,,Adult,1,59.364,-139.368,AK,,Harbor Seal,NA
19,UA_99563,12.9146639,22.15804668,22.68473549,NA,23.64883179,9.906370327,26.156115,NA,-26.05333871,16.68534394,25.0435,8.071166667,2003,SE,NA,,5,,Adult,1,59.555,-139.798,AK,,Harbor Seal,NA
20,UA_99657,14.04494797,19.89473683,23.12635346,NA,20.31570752,11.03731535,25.10425022,NA,-28.62374667,19.75591126,23.70666667,6.988333333,2004,SE,1350,Total Length,11,F,Adult,1,58.30166667,-134.4183333,AK,,Harbor Seal,NA
21,UA_99667,NA,21.19604678,20.90118778,NA,21.40512775,11.21768451,25.57810519,NA,-17.01373992,16.63592428,24.31,11.25183333,2005,SE,1345,Total Length,3,M,Adult,1,55.795,-133.3066667,AK,,Harbor Seal,NA
22,UA_11712,14.62541903,22.85714898,24.08778715,NA,23.81209828,10.11435443,26.77213647,NA,-32.35077242,16.15891082,26.349,7.259666667,1972,SE,1245,Total Length,,M,Adult,1,57.31666667,-133.5,AK,,Harbor Seal,NA
23,UA_21485,14.27073209,24.38176658,25.47114091,NA,24.00063173,11.03356705,27.60837419,NA,-30.74886427,13.93576036,27.441,9.365333333,1965,SE,NA,,,F,,1,55.87922,-131.112593,AK,,Harbor Seal,NA
24,UA_28933,14.39448283,23.60970115,24.36150148,NA,22.87145411,11.425295,26.51946892,NA,-30.00543117,10.66178197,27.20733333,8.530666667,1965,SE,NA,,,F,,1,55.35,-131.7666667,AK,,Harbor Seal,NA
25,UA_41613,14.72233496,24.45588107,22.46609325,NA,24.8832759,9.46262648,28.02004174,NA,-33.64753885,15.06088921,26.38733333,9.601666667,1996,SE,1500,Total Length,,M,,1,55.525,-131.85,AK,,Harbor Seal,NA
26,UA_99570,13.39268857,23.36026347,22.02840616,NA,23.93907578,11.84308052,27.06013736,NA,-32.08644701,15.287373,26.979,8.974,2003,SE,NA,,4,,Adult,1,59.555,-139.798,AK,,Harbor Seal,NA
27,UA_28932,12.99710805,27.32338025,25.73274334,NA,27.08664387,11.8915948,30.19934192,NA,-37.04196588,20.15314987,30.68733333,11.88133333,1965,SE,NA,,,F,Adult,1,55.925577,-131.158094,AK,,Harbor Seal,NA
28,UA_85207,14.35861812,23.29479307,20.90113085,NA,23.24690705,11.82859873,26.81872765,NA,-33.89491282,12.67180595,28.12533333,10.37366667,2006,SE,1160,Total Length,,M,,1,55.54,-131.759,AK,,Harbor Seal,NA
29,UA_85208,12.98921137,23.66508585,13.01797099,NA,22.42702664,9.534624038,25.13360036,NA,-28.17434399,15.07915275,27.17166667,9.900333333,2006,SE,1360,Total Length,,M,,1,55.54,-131.759,AK,,Harbor Seal,NA
30,UA_85212,16.06231143,22.63540053,24.1726566,NA,22.84141741,11.39341548,26.5597389,NA,-28.57308363,10.76547647,26.10033333,8.006666667,2005,SE,1520,Total Length,,M,,1,55.54,-131.759,AK,,Harbor Seal,NA
31,UA_99537,15.39984813,23.65008748,18.9009032,NA,23.62685761,12.09556949,25.14146921,NA,-32.57886804,14.9471364,27.608,8.397333333,2003,SE,1520,Total Length,6,F,Adult,1,59.364,-139.368,AK,,Harbor Seal,NA
32,UA_99658,14.60474808,21.81777279,21.16521758,NA,20.93380018,9.597444716,25.51933067,NA,-34.40046174,10.62314602,23.541,8.953666667,2004,SE,1410,Total Length,6,F,Adult,1,58.66833333,-134.915,AK,,Harbor Seal,NA
33,UA_11774,11.90238677,22.89332171,25.2260296,NA,25.19488499,9.243258067,26.78009969,NA,-25.88060591,15.86172476,27.22366667,10.19466667,1972,SC,1130,Total Length,,F,,1,60.25,-147.4666667,AK,,Harbor Seal,NA
34,UA_11816,11.98494782,23.13786638,25.34034044,NA,22.8049274,9.620967769,25.96106309,NA,-24.04238458,16.34416811,29.27416667,11.0445,1973,SC,138,Standard Length,,F,,1,60.4,-147.6166667,AK,,Harbor Seal,NA
35,UA_35437,12.08930536,23.65281772,25.25044849,NA,24.83849512,10.1778118,27.12237071,NA,-28.37962322,16.53007808,27.84483333,9.590833333,1996,SC,1675,Total Length,,M,,1,60.66166667,-145.62,AK,,Harbor Seal,NA
36,UA_35445,13.52357763,23.89160639,25.55847099,NA,24.59045271,12.44976876,27.9194073,NA,-30.06251121,16.7613014,26.89833333,9.7475,1996,SC,1340,Total Length,,F,,1,60.26666667,-147.3266667,AK,,Harbor Seal,NA
37,UA_35446,10.39336257,24.93953704,25.48775488,NA,24.96215061,12.45724737,28.48895874,NA,-21.04003393,16.75248146,28.98533333,11.0095,1996,SC,1310,Total Length,,M,,1,60.30333333,-147.3716667,AK,,Harbor Seal,NA
38,UA_99693,12.18525696,23.83174837,24.82556572,NA,23.44469301,12.47629041,26.35392214,NA,-25.28564594,17.93992481,29.05116667,9.6785,2003,SC,1390,Total Length,8,M,,1,60.355,-146.6333333,AK,,Harbor Seal,NA
39,UA_11742,13.07190149,21.68846425,24.75418121,NA,23.7073535,10.12631679,25.80489369,NA,-24.71951069,15.63116644,26.65666667,9.011333333,1973,SC,116,Standard Length,,F,,1,60.4,-147.6166667,AK,,Harbor Seal,NA
40,UA_11920,12.50629085,22.13219831,24.26766855,NA,22.73257945,11.05359455,24.66197169,NA,-31.2927661,14.78497084,26.7445,7.421833333,1975,SC,148.3,Standard Length,,F,,1,60.33333333,-145.1666667,AK,,Harbor Seal,NA
41,UA_35442,13.56221522,23.61020955,25.40471074,NA,22.87688185,12.03683537,25.87748945,NA,-31.7198592,15.70212285,27.982,8.810666667,1996,SC,1480,Total Length,,M,,1,60.35666667,-147.1033333,AK,,Harbor Seal,NA
42,UA_84943,13.60527124,24.06383951,25.72469808,NA,24.54344113,9.801946455,27.80740079,NA,-28.7641146,15.19076058,27.692,9.598666667,2002,SC,1250,Total Length,3,M,Adult,1,61.13055556,-146.5861111,AK,,Harbor Seal,NA
43,UA_87032,13.41831046,23.3940571,25.48213902,NA,22.71788444,11.4399093,28.01637593,NA,-20.97075093,16.52734776,26.53033333,8.754666667,2003,SC,1480,Total Length,8,F,Adult,1,61.40083333,-150.5085,AK,,Harbor Seal,NA
44,UA_99575,12.75258777,23.74892714,25.40265168,NA,23.78799182,9.96113155,29.35196459,NA,-23.41066219,16.79454337,27.9595,9.5845,2005,SC,1500,Total Length,4,M,,1,60.72,-146.7166667,AK,,Harbor Seal,NA
45,UA_11475,11.88563192,22.64929111,24.63154788,NA,25.64174782,11.29903508,28.05548216,NA,-24.99486493,15.09202572,27.39083333,10.07383333,1962,SC,NA,,Adult,M,,1,59.25,-151.25,AK,,Harbor Seal,NA
46,UA_11738,11.41818798,22.78831291,25.02696211,NA,23.43421966,8.287024275,25.32507697,NA,-24.6200296,15.01027975,20.0805,8.979833333,1973,SC,1530,Total Length,,F,,1,59.8,-149.5,AK,,Harbor Seal,NA
47,UA_11740,12.09170064,22.06245182,23.91568961,NA,23.14069383,9.309111604,26.69285184,NA,-25.49894301,14.55164898,25.54683333,8.104833333,1973,SC,130,Standard Length,,F,,1,60.4,-147.6166667,AK,,Harbor Seal,NA
48,UA_28950,12.03619431,23.17104903,25.64457586,NA,23.86445674,9.306234606,26.9887144,NA,-26.80740298,14.3725477,27.22016667,9.2045,1980,SC,NA,,,F,,1,59.66666667,-149.5666667,AK,,Harbor Seal,NA
49,UA_84950,13.24328593,24.33298553,29.48682038,NA,24.39594031,12.46228108,27.72737396,NA,NA,19.02648982,30.7585,11.043,2002,SC,1160,Total Length,2,F,,1,60.74388889,-146.2069444,AK,,Harbor Seal,NA
50,UA_99641,13.22345893,22.97705499,23.83393413,NA,23.07234406,10.72232475,27.71734473,NA,-26.5258249,15.02892444,26.23783333,8.756833333,2004,SC,1450,Total Length,14,F,Adult,1,60.54166667,-145.7566667,AK,,Harbor Seal,NA
51,UA_11817,12.3462224,21.18560044,25.17444649,NA,22.83890397,10.92129761,24.72313156,NA,-23.8491409,14.78027973,26.20833333,8.426333333,1973,SC,139,Standard Length,,F,,1,60.4,-147.6166667,AK,,Harbor Seal,NA
52,UA_35440,12.29280935,21.88683777,25.80415453,NA,20.99738899,20.12941978,30.67364002,NA,-19.23749319,18.22466134,26.46833333,11.098,1996,SC,1300,Total Length,,M,,1,60.26666667,-147.3266667,AK,,Harbor Seal,NA
53,UA_35449,11.07197151,26.4195917,27.50342436,NA,20.83387426,14.16126835,25.88511649,NA,-21.98555107,15.29141496,27.60433333,9.511333333,1996,SC,1490,Total Length,,F,,1,60.30333333,-147.3716667,AK,,Harbor Seal,NA
54,UA_3702,10.63146699,24.00934562,27.0806942,NA,23.69235953,12.01511693,27.38625962,NA,-23.72394227,15.84450192,31.22233333,10.25633333,1955,SC,NA,,,F,,1,60.5,-145.75,AK,,Harbor Seal,NA
55,UA_11836,12.04110862,19.92833791,23.03947597,NA,20.51402264,13.51143348,22.14541197,NA,-19.77558574,14.80049299,21.64233333,9.5355,1973,SC,104,Standard Length,,M,,1,60.23333333,-147.3833333,AK,,Harbor Seal,NA
56,UA_11921,13.56789429,22.48827454,22.86279134,NA,21.72372043,14.94294219,26.44854172,NA,-25.16526734,16.20620664,31.35566667,9.573666667,1972,SC,147.5,Standard Length,,F,,1,60.45,-144.9166667,AK,,Harbor Seal,NA
57,UA_19173,12.78464882,25.09381301,26.21155931,NA,23.60837475,15.02239851,28.90532733,NA,-13.93887561,19.08158403,28.93133333,12.7055,1981,BB,NA,,,F,Adult,1,55.88333333,-160.4666667,AK,,Harbor Seal,NA
58,UA_28941,16.60413161,25.32406944,24.0934068,NA,23.16734593,14.39374103,29.77266041,NA,-6.953850468,19.28735351,27.46166667,11.53016667,1966,BB,NA,,,M,,1,56.91666667,-158.6833333,AK,,Harbor Seal,NA
59,UA_35438,11.23180224,22.57273679,26.3046797,NA,21.51046351,13.87938884,26.47512424,NA,-22.50877416,16.07525871,24.71416667,10.01466667,1996,SC,1350,Total Length,,M,,1,60.66166667,-145.62,AK,,Harbor Seal,NA
60,UA_47510,15.05204375,26.5673643,25.31013883,NA,25.98485828,16.89428471,31.32704147,NA,-12.0482422,19.55264278,28.9495,13.69766667,1985,BB,1447,Total Length,,M,,1,56.885,-158.8666667,AK,,Harbor Seal,NA
61,UA_11747,12.2669721,21.72990016,22.533795,NA,22.61087337,13.49253471,26.40074615,NA,-19.70855669,16.40026247,24.808,8.8125,1973,SC,102,Standard Length,,F,,1,60.4,-147.6166667,AK,,Harbor Seal,NA
62,UA_11770,12.25039816,22.60544109,24.68858289,NA,18.91725577,13.00728982,27.08975607,NA,-9.323336886,16.79532889,24.87683333,9.579833333,1972,SC,1410,Total Length,,M,,1,60.16666667,-147.25,AK,,Harbor Seal,NA
63,UA_11771,13.43984902,23.24771596,21.51599304,NA,24.2405071,13.3684849,28.31937285,NA,-25.67322232,15.48805543,26.08041667,9.470916667,1980,SC,1320,Total Length,,F,,1,60.25,-147.4666667,AK,,Harbor Seal,NA
64,UA_11771,13.43984902,23.24771596,21.51599304,NA,24.2405071,13.3684849,28.31937285,NA,-25.67322232,15.48805543,26.08041667,9.470916667,1972,SC,1320,Total Length,,F,,1,60.25,-147.4666667,AK,,Harbor Seal,NA
65,UA_11827,11.32150629,22.99267503,24.60078848,NA,26.80370804,13.66581313,28.9607796,NA,-24.41477546,15.79023901,27.39733333,9.956833333,1975,BB,149,Standard Length,,M,,1,60.28333333,-148.0166667,AK,,Harbor Seal,NA
66,UA_19159,12.50804603,25.8345259,26.9800071,NA,27.23199097,16.92511294,30.7904029,NA,-22.27477649,19.51236271,31.41883333,13.855,1981,BB,NA,,,M,Adult,1,56.9,-158.8,AK,,Harbor Seal,NA
67,UA_52184,16.28135842,26.16475688,26.9986976,NA,25.63030617,14.57765668,31.3549661,NA,-20.69416918,20.27287185,29.41466667,11.82733333,1997,BB,1540,Total Length,,F,,1,58.2,-157.4166667,AK,,Harbor Seal,NA
68,UA_19172,22.25380943,25.49459532,25.80491378,NA,27.56744057,14.4105091,28.94290882,NA,-30.74493761,20.04058422,29.623,12.53133333,1981,BB,1423,Total Length,,M,Adult,1,55.88333333,-160.4666667,AK,,Harbor Seal,NA
69,UA_19175,10.15163314,25.79730758,25.28239972,NA,25.57878353,15.35604063,29.3290971,NA,-24.51601828,16.80572957,29.31966667,12.089,1981,BB,NA,,,F,Adult,1,55.88333333,-160.4666667,AK,,Harbor Seal,NA
70,UA_28935,20.21478996,24.52929781,23.19079559,NA,26.14171004,14.8610934,28.81696152,NA,-34.46362004,19.92479366,29.298,12.222,1966,BB,NA,,,M,,1,56.91666667,-158.6833333,AK,,Harbor Seal,NA
71,UA_28940,13.72788795,26.04861812,23.45032342,NA,26.56294538,14.89327487,29.96966963,NA,-35.19497795,19.68532356,30.004,12.777,1966,BB,NA,,,F,Adult,1,56.91666667,-158.6833333,AK,,Harbor Seal,NA
72,UA_28943,29.66171144,25.89694168,25.93171929,NA,26.20053856,14.52332763,30.47486738,NA,-29.77691304,20.34772099,29.42433333,13.453,1966,BB,NA,,,,,1,56.91666667,-158.6833333,AK,,Harbor Seal,NA
73,UA_42151,13.35796625,23.65075222,23.99964298,NA,25.54603375,12.6348952,26.94860657,NA,-30.26020604,19.29564831,26.716,9.3495,1996,BB,1470,Total Length,,F,,1,58.2,-157.5,AK,,Harbor Seal,NA
74,UA_52183,15.73583533,23.61776081,23.15544464,NA,22.27892599,15.24028271,27.45930373,NA,-2.859779455,19.11204648,25.80383333,9.434333333,1997,BB,NA,,,F,,1,58.18333333,-157.45,AK,,Harbor Seal,NA
75,UA_19122,12.95065053,20.85934073,23.31667925,NA,23.83724571,8.193301214,25.528172,NA,-29.55084754,16.3557161,24.718,7.046333333,1972,SE,1600,Total Length,,M,Adult,1,57.31666667,-133.5,AK,,Harbor Seal,NA
76,UA_37972,13.43560857,22.69271625,27.1118343,NA,25.19281291,11.94976813,28.15425237,NA,-34.57231187,17.57336456,31.58033333,9.008666667,1996,SE,1530,Total Length,,M,,1,57.12333333,-135.4333333,AK,,Harbor Seal,NA
77,UA_99665,11.34118073,19.89253789,21.78194775,NA,21.81739136,8.587925548,25.41380728,NA,-30.55631942,14.65640645,24.993,6.036666667,2006,SE,1680,Total Length,12,M,Adult,1,55.58,-133.1566667,AK,,Harbor Seal,NA
78,UA_11743,17.22115332,21.53838556,23.36165538,NA,23.96195219,21.50036809,24.46363491,NA,-27.58107151,21.30689114,27.943,10.69633333,1973,SC,137,Standard Length,,M,,1,60.4,-147.6166667,AK,,Harbor Seal,NA
79,UA_19124,16.24270236,23.77559751,23.97857351,NA,22.60862638,12.96005757,27.78132134,NA,-33.22825665,19.61024777,29.819,10.65133333,1972,SE,1460.5,Total Length,,F,Adult,1,57.55,-133.5166667,AK,,Harbor Seal,NA
80,UA_35439,18.6031582,21.82547659,22.54171677,NA,21.83552988,11.26251764,25.85428676,NA,-30.184016,21.24304034,30.62433333,8.526666667,1996,SC,1480,Total Length,,F,,1,60.35666667,-147.1033333,AK,,Harbor Seal,NA
81,UA_47511,15.50824653,24.23105175,27.18376359,NA,27.57338956,14.16026417,30.30702258,NA,-28.43049729,23.79478852,29.646,12.856,1985,BB,1421,Total Length,,M,,1,56.885,-158.8666667,AK,,Harbor Seal,NA
82,UA_85206,19.72649641,22.48190096,23.7931115,NA,22.15110756,15.21200053,25.42727194,NA,-28.41562715,23.88152288,29.54633333,11.85166667,2006,SE,960,Total Length,,M,,1,55.54,-131.759,AK,,Harbor Seal,NA
83,UA_19161,11.62772555,25.85589696,26.14977462,NA,27.71395518,17.16733922,26.21360746,NA,-27.4880229,19.2197985,24.80433333,10.59466667,1981,BB,NA,,,M,Adult,1,56.9,-158.8,AK,,Harbor Seal,NA
84,UA_19174,11.2287841,23.63804449,25.10627085,NA,25.51127543,13.30931174,25.57010599,NA,-23.90969382,15.49729441,24.70966667,11.361,1981,BB,NA,,,M,,1,55.88333333,-160.4666667,AK,,Harbor Seal,NA
85,UA_28936,9.557999673,26.26758391,28.10272162,NA,27.6886984,18.88829997,28.5602244,NA,-23.48364802,19.05203075,31.60566667,12.48366667,1966,BB,NA,,,F,Adult,1,56.91666667,-158.6833333,AK,,Harbor Seal,NA
86,UA_28937,11.02194112,25.25676971,25.81489205,NA,28.00504482,18.38866078,29.01772588,NA,-22.5209771,20.9532015,31.85733333,11.735,1966,BB,NA,,,F,Adult,1,56.91666667,-158.6833333,AK,,Harbor Seal,NA
87,UA_42152,10.84533366,24.01708276,25.97694504,NA,26.02496827,16.27670003,25.02044226,NA,-20.68035198,21.14596925,29.13,12.10933333,1996,BB,1360,Total Length,,F,,1,58.2,-157.5,AK,,Harbor Seal,NA
88,UA_43044,11.00154923,25.37828885,26.81139581,NA,25.72939123,16.65402159,26.44322735,NA,-25.18997285,17.24970559,30.193,11.847,1996,BB,1215,Total Length,,F,,1,58.66666667,-160.25,AK,,Harbor Seal,NA
89,UA_28938,10.76482238,25.33302131,28.08585554,NA,27.27679396,12.42084429,30.05616637,NA,-18.17889165,18.50592362,28.28033333,12.49233333,1966,BB,NA,,,F,Adult,1,56.91666667,-158.6833333,AK,,Harbor Seal,NA
90,UA_35447,14.92626872,23.29327775,26.69895078,NA,24.45760672,10.75073128,27.8452201,NA,-29.08880684,15.33978597,28.10333333,14.457,1996,SC,1440,Total Length,,M,,1,60.30333333,-147.3716667,AK,,Harbor Seal,NA
91,UA_35450,11.02733252,22.41422343,23.88957823,NA,22.47493739,10.71966748,25.67421507,NA,-27.84046492,15.8838209,25.78533333,7.952,1996,SC,1640,Total Length,,M,,1,60.30333333,-147.3716667,AK,,Harbor Seal,NA
92,UA_84958,12.29280062,22.48858393,24.46143117,NA,21.80843872,6.209699378,26.42421758,NA,-28.76113588,15.59763677,27.9305,7.0115,2002,SC,1440,Total Length,16,F,Adult,1,60.78888889,-146.6577778,AK,,Harbor Seal,NA
93,UA_84959,18.11779048,21.69938181,8.937208481,NA,22.62279529,12.03087618,25.76450222,NA,-28.41056261,15.27357282,27.833,29.30066667,2002,SC,1390,Total Length,6,F,Adult,1,60.77722222,-146.4483333,AK,,Harbor Seal,NA
94,12AA,14.163,-1.21,0.158666667,1.106433642,-9.93,2.192,-3.336,2.280333333,0.106666667,1.135,1.55,-1.957319444,NA,NA,NA,NA,NA,NA,NA,1,NA,NA,NA,NA,NA,NA
95,UA_138278,14.72588696,19.95396205,22.37740842,25.476,21.42258663,8.338917492,22.59493647,NA,-18.00068564,19.7277731,26.82601733,25.11443729,2017,IL,NA,,,,,1,59.71170044,-154.3439941,AK,Iliamna Lake,Harbor Seal,8
96,UA_28939,14.45532756,27.44371947,28.13014191,30.00866667,25.91542657,17.49158581,29.96414274,NA,-21.8637236,20.67548597,33.93355198,27.79247855,1966,BB,NA,,,F,Adult,1,56.91666667,-158.6833333,AK,,Harbor Seal,NA
97,UA_62888,15.4272995,25.80361881,24.75698597,27.18866667,23.39268894,20.6050264,26.299217,NA,-34.51852393,17.89415594,33.75830446,24.97116007,2001,NA,NA,,,M,,1,60.86666667,-147.2,NA,Glacier Island,Sea Lion,2
98,UA_62890,16.59485891,24.07986139,23.37625248,27.515,24.00451568,19.78035809,26.46201073,NA,-26.11515264,19.67944307,37.44110314,26.49045215,2001,NA,NA,,,F,,1,60.86666667,-147.2,NA,Glacier Island,Sea Lion,2
99,UA_62893,16.97627145,24.84985149,21.86016337,26.93733333,22.68595132,14.93113366,25.11362459,NA,NA,17.23015924,NA,24.70984158,2001,NA,NA,,,F,,1,60.86666667,-147.2,NA,Glacier Island,Sea Lion,2
100,UA_3716,14.04242162,21.62720132,20.54467327,22.38343152,21.54843729,9.218238449,24.33363944,NA,-32.74626073,13.36059323,24.7294835,6.125666667,1880,IL,NA,,,,,1,59.75,-153.8333333,AK,Iliamna Lake,Harbor Seal,1
101,UA_4233,14.28405776,25.52923762,26.13402145,26.7115066,25.81487954,16.06033746,28.29868234,NA,-34.69076403,8.748282178,33.1245297,10.645,1956,NA,NA,,adult,M,adult,1,59.91666667,-147.4166667,NA,,Sea Lion,7
102,UA_62892,14.42745215,26.71816502,24.10732508,26.9920231,26.80932838,23.46480611,27.78359653,NA,7.860909241,19.77957096,34.49143729,16.18266667,2001,NA,NA,,,F,,1,60.86666667,-147.2,NA,Glacier Island,Sea Lion,2
103,UA_87054,13.35791089,26.45637624,24.92304785,29.09006601,27.57529538,14.06462459,30.1432401,NA,-5.888806931,22.70848845,35.03713036,12.23866667,2002,BB,1180,Total Length,2,M,,1,58.66166667,-160.8116667,AK,,Harbor Seal,NA
104,UA_92552,14.57054703,25.26541254,25.63372937,24.99880776,24.23673762,16.68739026,26.690283,NA,-6.928143564,12.44017739,32.94117657,14.13333333,2000,NA,NA,,,M,,1,60.88275,-147.2044328,NA,specific locality unknown,Sea Lion,10
105,UA_11778,14.40895215,21.85442657,24.6907038,25.53233333,24.45900083,9.118267327,22.92282508,NA,-26.70834983,16.10637871,30.58932343,26.4392203,1972,SE,1181,Total Length,,F,,1,57.4,-133.4666667,AK,,Harbor Seal,NA
106,UA_134119,15.16635479,24.65951568,22.82695462,26.97833333,23.46292492,12.1750066,23.78108416,NA,-30.59449835,19.33487046,29.13540099,26.72061964,2016,NA,NA,,adult,F,adult,1,55.44455,-131.819,NA,"S. Point Higgins, Ketchikan",Sea Lion,3
107,UA_28942,15.37420627,26.54841997,25.88884571,28.93566667,26.01011139,16.88492244,29.70313614,NA,-32.81939439,13.93712624,33.67908003,25.13707343,1966,BB,NA,,,F,Adult,1,56.91666667,-158.6833333,AK,,Harbor Seal,NA
108,UA_62896,16.03943399,24.99952228,24.97047937,26.08233333,23.65181436,16.13901815,25.5047731,NA,NA,11.01045627,32.40031106,22.52543317,2001,NA,NA,,,M,,1,60.86666667,-147.2,NA,Glacier Island,Sea Lion,2
109,UA_86877,15.39558251,25.84661799,21.87758828,28.49,26.12562789,18.08043564,28.17338779,NA,2.184442244,15.0462005,32.36729868,28.60297937,2006,NA,2438,total length,adult,M,adult,1,56.353,-133.6214167,NA,Memorial Beach Picnic Area east of Point Baker,Sea Lion,10
110,UA_139249,12.84817151,21.58028006,21.47449274,23.93766667,18.46332365,7.352371267,24.75381477,NA,-9.390769976,16.57064286,27.71071106,16.98041041,NA,,NA,,,,,1,NA,NA,AK,,,NA
111,UA_3409,14.57176392,21.07576352,24.10927078,24.23133333,17.65113882,12.78690073,24.5069883,NA,-29.38363035,10.34611905,22.88691929,20.28945077,1957,IL,NA,,,,,1,59.5,-156,AK,"Iliamna Lake, near iguigig",Harbor Seal,9
112,UA_5011,18.1403749,24.80537611,19.71768765,25.38766667,23.6812502,13.45779782,27.90186844,NA,1.640557708,11.85947619,31.3029088,17.75031437,1958,NA,NA,,,U,,1,55.05,-162.3166667,NA,,Sea Lion,3
113,UA_5260,16.3262272,23.22766747,22.35107587,24.50233333,20.94787893,13.22647417,27.00093462,NA,-6.194291364,16.64128571,30.46772155,17.91221348,1952,SC,NA,,,F,,1,60,-149.1666667,AK,,Harbor Seal,NA
114,UA_62891,18.27530145,26.97785069,25.69163115,26.22633333,23.70506376,17.74594471,29.23809443,NA,-4.287430993,21.12880952,34.93351332,14.15883979,2001,NA,NA,,,M,,1,60.86666667,-147.2,NA,Glacier Island,Sea Lion,2
115,UA_102605,16.33993539,23.85970389,26.47717373,27.256,17.99935344,13.47925374,28.77520411,NA,-16.27853915,16.60450021,11.49816988,NA,2010,NA,NA,,,U,,1,57.463614,-154.645436,NA,Grant Lagoon,Sea Lion,8
116,UA_19160,13.64819384,24.45555499,28.50781215,28.246,23.20293967,10.18490543,27.87938768,NA,-25.22771588,17.07683269,32.57049037,28.34317073,1981,BB,NA,,,F,Adult,1,56.9,-158.8,AK,,Harbor Seal,NA
117,UA_31904,13.66838297,24.73306632,28.00575396,25.73333333,20.18043047,11.77240993,26.08643261,NA,-31.50736286,9.135032948,30.81616089,26.40690244,1995,NA,NA,,,F,,1,60.9413,-146.6667,NA,Galena Bay; Ideal Beach,Sea Lion,1
118,UA_86989,14.88174626,25.18452589,24.31823192,26.20033333,23.19419598,13.40508258,28.72182585,NA,9.753774497,13.50663329,33.29783269,NA,2006,NA,3200.4,total length,adult,M,adult,1,57.596587,-152.4497222,NA,"Mayflower Beach, Kalsin Bay",Sea Lion,1
119,UA_92554,13.11596534,27.36583012,22.86198502,25.679,19.22978562,14.6459264,23.93259735,NA,-19.08973513,13.86176722,35.29984168,NA,2000,NA,NA,,,F,,1,60.88275,-147.2044328,NA,specific locality unknown,Sea Lion,10
120,UA_28934,13.53184564,26.65823248,NA,27.066,24.28056487,13.18928504,29.6012358,29.97347159,NA,17.61645076,34.10857008,21.20722869,1966,BB,NA,,,F,,1,56.91666667,-158.6833333,AK,,Harbor Seal,NA
121,UA_41617,13.83645644,24.73065814,NA,26.85566667,22.08098201,7.593517045,28.57869129,27.16404924,NA,13.82350758,31.11603409,22.44962027,1996,SE,1630,Total Length,,M,,1,55.72,-133.4166667,AK,,Harbor Seal,NA
122,UA_62894,14.70775379,26.13701705,NA,26.24066667,24.15036932,14.71929924,28.32561742,28.20090152,NA,19.02398485,36.04693182,23.0510928,2001,NA,NA,,,M,,1,60.86666667,-147.2,NA,Glacier Island,Sea Lion,2
123,UA_92555,15.63669792,26.10744271,NA,26.31,23.02745312,14.56453125,27.65407292,28.61814583,NA,15.93804167,35.04172917,21.42748437,2000,NA,NA,,,M,,1,60.88275,-147.2044328,NA,specific locality unknown,Sea Lion,10
124,UA_110281,13.55881683,26.31340924,NA,27.62666667,22.85012129,13.4734934,28.11737211,28.89222937,NA,9.690026403,32.60717904,22.00883663,2008,NA,2410,total length,adult,F,adult,1,60.004,-149.3466667,NA,0.5 mile off of Thumb Point,Sea Lion,5
125,UA_110284,13.77866832,23.61625908,NA,26.134,19.68296287,16.53243399,26.16163779,25.50879373,NA,13.08976403,31.9712071,23.73569967,2010,NA,2100,total length,adult,F,adult,1,60.085739,-149.443729,NA,"Lowell Point Road, Resurrection Bay, just north of Storm Chasers shop building.",Sea Lion,1
126,UA_110328,13.49137954,21.47967079,NA,24.98933333,18.8677104,14.62998515,26.21869142,24.81689109,NA,14.24730941,29.06596535,23.76084076,2008,IL,NA,,,,,1,59.689275,-154.2456139,AK,Iliamna Lake,Harbor Seal,3
127,UA_36262,13.21743894,24.33833086,NA,26.60233333,20.5907071,12.39260891,27.45231848,25.83946535,NA,15.63481436,31.27508746,20.92169554,1965,SE,NA,,,F,,1,55.93694444,-131.1883333,AK,,Harbor Seal,NA
128,UA_62889,14.12927558,25.41626568,NA,26.25666667,20.73363284,21.21114356,25.46367739,27.28488614,NA,14.05959241,30.46475165,25.14784488,2001,NA,NA,,,M,,1,60.86666667,-147.2,NA,Glacier Island,Sea Lion,2
129,UA_87056,22.21082011,28.13768254,-9.3835,30.03633333,25.64091005,19.3554127,31.48089418,24.79516931,NA,19.26426984,34.89022751,29.33347619,2002,BB,1460,Total Length,5,F,Adult,1,58.68666667,-160.275,AK,,Harbor Seal,NA
130,UA_37032,15.46823485,23.15237879,26.81790814,27.45933333,23.46495739,18.26983144,25.51439394,NA,-7.996216856,13.08960795,34.14689583,25.46734091,1975,NA,NA,,,F,,1,NA,NA,NA,Cordova area,Sea Lion,1