Analysis,Identifier 1,Rt,Area All,d 29N2/28N2,d 15N/14N,AA_ID,Identifier 2
25887,12AA,1593.8,2.489,-2.189,-2.189,ALA,12
25887,12AA,1593.8,2.489,-2.189,-2.189,ALA,12
25888,12AA,1605.8,5.87,-1.587,-1.587,ALA,12
25888,12AA,1605.8,5.87,-1.587,-1.587,ALA,12
25889,12AA,1606.4,6.205,-0.798,-0.798,ALA,12
25889,12AA,1606.4,6.205,-0.798,-0.798,ALA,12
25890,12AA,1607,5.855,-1.314,-1.314,ALA,12
25890,12AA,1607,5.855,-1.314,-1.314,ALA,12
25891,12AA,1607.6,5.768,-1.933,-1.933,ALA,12
25891,12AA,1607.6,5.768,-1.933,-1.933,ALA,12
25898,12AA,1608,5.881,-1.597,-1.597,ALA,12
25898,12AA,1608,5.881,-1.597,-1.597,ALA,12
25905,12AA,1611.2,5.626,-1.899,-1.899,ALA,12
25905,12AA,1611.2,5.626,-1.899,-1.899,ALA,12
25909,12AA,1613.7,5.619,-2.316,-2.316,ALA,12
25909,12AA,1613.7,5.619,-2.316,-2.316,ALA,12
25910,12AA,1611.4,5.608,-2.321,-2.321,ALA,12
25910,12AA,1611.4,5.608,-2.321,-2.321,ALA,12
25887,12AA,2285.3,5.418,-8.787,-8.787,ASP,12
25887,12AA,2285.3,5.418,-8.787,-8.787,ASP,12
25888,12AA,2283.3,6.63,-9.026,-9.026,ASP,12
25888,12AA,2283.3,6.63,-9.026,-9.026,ASP,12
25889,12AA,2284,6.561,-9.343,-9.343,ASP,12
25889,12AA,2284,6.561,-9.343,-9.343,ASP,12
25890,12AA,2284.4,6.303,-9.303,-9.303,ASP,12
25890,12AA,2284.4,6.303,-9.303,-9.303,ASP,12
25891,12AA,2284.8,6.097,-9.963,-9.963,ASP,12
25891,12AA,2284.8,6.097,-9.963,-9.963,ASP,12
25898,12AA,2285.6,6.306,-8.932,-8.932,ASP,12
25898,12AA,2285.6,6.306,-8.932,-8.932,ASP,12
25905,12AA,2288.6,5.935,-9.477,-9.477,ASP,12
25905,12AA,2288.6,5.935,-9.477,-9.477,ASP,12
25909,12AA,2292.3,5.858,-9.291,-9.291,ASP,12
25909,12AA,2292.3,5.858,-9.291,-9.291,ASP,12
25910,12AA,2289,5.89,-9.778,-9.778,ASP,12
25910,12AA,2289,5.89,-9.778,-9.778,ASP,12
25887,12AA,2421.4,2.862,-1.805,-1.805,GLU,12
25887,12AA,2421.4,2.862,-1.805,-1.805,GLU,12
25888,12AA,2416.3,3.172,-2.924,-2.924,GLU,12
25888,12AA,2416.3,3.172,-2.924,-2.924,GLU,12
25889,12AA,2416.7,3.825,-2.881,-2.881,GLU,12
25889,12AA,2416.7,3.825,-2.881,-2.881,GLU,12
25890,12AA,2416.9,3.991,-3.028,-3.028,GLU,12
25890,12AA,2416.9,3.991,-3.028,-3.028,GLU,12
25891,12AA,2417.5,4.012,-3.335,-3.335,GLU,12
25891,12AA,2417.5,4.012,-3.335,-3.335,GLU,12
25898,12AA,2417.9,4.269,-3.013,-3.013,GLU,12
25898,12AA,2417.9,4.269,-3.013,-3.013,GLU,12
25905,12AA,2420.4,4.103,-3.38,-3.38,GLU,12
25905,12AA,2420.4,4.103,-3.38,-3.38,GLU,12
25909,12AA,2429.2,4.236,-4.428,-4.428,GLU,12
25909,12AA,2429.2,4.236,-4.428,-4.428,GLU,12
25910,12AA,2420.6,4.117,-3.843,-3.843,GLU,12
25910,12AA,2420.6,4.117,-3.843,-3.843,GLU,12
25887,12AA,1863.9,8.224,-1.29,-1.29,ILE,12
25887,12AA,1863.9,8.224,-1.29,-1.29,ILE,12
25888,12AA,1880.2,11.789,-0.711,-0.711,ILE,12
25888,12AA,1880.2,11.789,-0.711,-0.711,ILE,12
25889,12AA,1881.2,11.8,-1.229,-1.229,ILE,12
25889,12AA,1881.2,11.8,-1.229,-1.229,ILE,12
25890,12AA,1881.8,11.466,-1.524,-1.524,ILE,12
25890,12AA,1881.8,11.466,-1.524,-1.524,ILE,12
25891,12AA,1882.5,11.282,-1.549,-1.549,ILE,12
25891,12AA,1882.5,11.282,-1.549,-1.549,ILE,12
25898,12AA,1884.8,11.946,-1.3,-1.3,ILE,12
25898,12AA,1884.8,11.946,-1.3,-1.3,ILE,12
25905,12AA,1889.4,11.792,-1.69,-1.69,ILE,12
25905,12AA,1889.4,11.792,-1.69,-1.69,ILE,12
25909,12AA,1894.2,11.901,-2,-2,ILE,12
25909,12AA,1894.2,11.901,-2,-2,ILE,12
25910,12AA,1890,11.838,-1.728,-1.728,ILE,12
25910,12AA,1890,11.838,-1.728,-1.728,ILE,12
25887,12AA,1825.2,6.973,-0.051,-0.051,LEU,12
25887,12AA,1825.2,6.973,-0.051,-0.051,LEU,12
25888,12AA,1842.1,11.174,0.942,0.942,LEU,12
25888,12AA,1842.1,11.174,0.942,0.942,LEU,12
25889,12AA,1843.2,11.726,1.539,1.539,LEU,12
25889,12AA,1843.2,11.726,1.539,1.539,LEU,12
25890,12AA,1843.8,11.094,0.579,0.579,LEU,12
25890,12AA,1843.8,11.094,0.579,0.579,LEU,12
25891,12AA,1844.2,10.764,0.478,0.478,LEU,12
25891,12AA,1844.2,10.764,0.478,0.478,LEU,12
25898,12AA,1846.5,11.041,0.944,0.944,LEU,12
25898,12AA,1846.5,11.041,0.944,0.944,LEU,12
25905,12AA,1851.1,10.38,0.22,0.22,LEU,12
25905,12AA,1851.1,10.38,0.22,0.22,LEU,12
25909,12AA,1855.5,10.391,-0.243,-0.243,LEU,12
25909,12AA,1855.5,10.391,-0.243,-0.243,LEU,12
25910,12AA,1851.7,10.38,-0.165,-0.165,LEU,12
25910,12AA,1851.7,10.38,-0.165,-0.165,LEU,12
25887,12AA,1926.2,3.803,13.756,13.756,NLE,12
25887,12AA,1926.2,3.803,13.756,13.756,NLE,12
25888,12AA,1940.4,6.292,13.371,13.371,NLE,12
25888,12AA,1940.4,6.292,13.371,13.371,NLE,12
25889,12AA,1941.6,6.463,14.242,14.242,NLE,12
25889,12AA,1941.6,6.463,14.242,14.242,NLE,12
25890,12AA,1942.2,6.097,13.727,13.727,NLE,12
25890,12AA,1942.2,6.097,13.727,13.727,NLE,12
25891,12AA,1942.9,5.853,13.758,13.758,NLE,12
25891,12AA,1942.9,5.853,13.758,13.758,NLE,12
25898,12AA,1945.2,5.904,13.926,13.926,NLE,12
25898,12AA,1945.2,5.904,13.926,13.926,NLE,12
25905,12AA,1950,6.773,12.736,12.736,NLE,12
25905,12AA,1950,6.773,12.736,12.736,NLE,12
25909,12AA,1955.2,5.09,15.558,15.558,NLE,12
25909,12AA,1955.2,5.09,15.558,15.558,NLE,12
25910,12AA,1950.6,5.059,15.672,15.672,NLE,12
25910,12AA,1950.6,5.059,15.672,15.672,NLE,12
25887,12AA,2507.9,6.895,2.901,2.901,PHE,12
25887,12AA,2507.9,6.895,2.901,2.901,PHE,12
25888,12AA,2502,9.628,3.23,3.23,PHE,12
25888,12AA,2502,9.628,3.23,3.23,PHE,12
25889,12AA,2502.4,9.149,2.686,2.686,PHE,12
25889,12AA,2502.4,9.149,2.686,2.686,PHE,12
25890,12AA,2502.8,8.725,2.288,2.288,PHE,12
25890,12AA,2502.8,8.725,2.288,2.288,PHE,12
25891,12AA,2503.4,8.592,1.995,1.995,PHE,12
25891,12AA,2503.4,8.592,1.995,1.995,PHE,12
25898,12AA,2503.8,9.34,2.795,2.795,PHE,12
25898,12AA,2503.8,9.34,2.795,2.795,PHE,12
25905,12AA,2506.3,8.642,1.885,1.885,PHE,12
25905,12AA,2506.3,8.642,1.885,1.885,PHE,12
25909,12AA,2511.3,8.12,1.847,1.847,PHE,12
25909,12AA,2511.3,8.12,1.847,1.847,PHE,12
25910,12AA,2506.5,8.584,1.537,1.537,PHE,12
25910,12AA,2506.5,8.584,1.537,1.537,PHE,12
25887,12AA,2261,3.541,-3.81,-3.81,PRO,12
25887,12AA,2261,3.541,-3.81,-3.81,PRO,12
25888,12AA,2259.5,4.699,-2.494,-2.494,PRO,12
25888,12AA,2259.5,4.699,-2.494,-2.494,PRO,12
25889,12AA,2260.3,4.881,-2.743,-2.743,PRO,12
25889,12AA,2260.3,4.881,-2.743,-2.743,PRO,12
25890,12AA,2260.8,4.666,-3.474,-3.474,PRO,12
25890,12AA,2260.8,4.666,-3.474,-3.474,PRO,12
25891,12AA,2261.4,4.424,-3.963,-3.963,PRO,12
25891,12AA,2261.4,4.424,-3.963,-3.963,PRO,12
25898,12AA,2262,4.632,-2.824,-2.824,PRO,12
25898,12AA,2262,4.632,-2.824,-2.824,PRO,12
25905,12AA,2265.1,4.201,-3.748,-3.748,PRO,12
25905,12AA,2265.1,4.201,-3.748,-3.748,PRO,12
25909,12AA,2268.9,4.161,-4.712,-4.712,PRO,12
25909,12AA,2268.9,4.161,-4.712,-4.712,PRO,12
25910,12AA,2265.4,4.147,-4.442,-4.442,PRO,12
25910,12AA,2265.4,4.147,-4.442,-4.442,PRO,12
25887,12AA,2303.3,3.914,2.805,2.805,SER,12
25887,12AA,2303.3,3.914,2.805,2.805,SER,12
25888,12AA,2300.9,4.45,1.279,1.279,SER,12
25888,12AA,2300.9,4.45,1.279,1.279,SER,12
25889,12AA,2301.5,4.484,0.809,0.809,SER,12
25889,12AA,2301.5,4.484,0.809,0.809,SER,12
25890,12AA,2301.7,4.382,1.741,1.741,SER,12
25890,12AA,2301.7,4.382,1.741,1.741,SER,12
25891,12AA,2302.3,4.388,0.328,0.328,SER,12
25891,12AA,2302.3,4.388,0.328,0.328,SER,12
25898,12AA,2303.2,4.769,0.251,0.251,SER,12
25898,12AA,2303.2,4.769,0.251,0.251,SER,12
25905,12AA,2306.3,4.968,-0.377,-0.377,SER,12
25905,12AA,2306.3,4.968,-0.377,-0.377,SER,12
25909,12AA,2309.7,5.029,-1.139,-1.139,SER,12
25909,12AA,2309.7,5.029,-1.139,-1.139,SER,12
25910,12AA,2306.5,4.937,-1.659,-1.659,SER,12
25910,12AA,2306.5,4.937,-1.659,-1.659,SER,12
25887,12AA,2836.1,2.753,4.35,4.35,TYR,12
25887,12AA,2836.1,2.753,4.35,4.35,TYR,12
25888,12AA,2832,4.292,3.297,3.297,TYR,12
25888,12AA,2832,4.292,3.297,3.297,TYR,12
25889,12AA,2832.4,4.33,3.168,3.168,TYR,12
25889,12AA,2832.4,4.33,3.168,3.168,TYR,12
25890,12AA,2832.8,4.068,2.888,2.888,TYR,12
25890,12AA,2832.8,4.068,2.888,2.888,TYR,12
25891,12AA,2833.2,3.986,2.53,2.53,TYR,12
25891,12AA,2833.2,3.986,2.53,2.53,TYR,12
25898,12AA,2833.4,4.379,3.231,3.231,TYR,12
25898,12AA,2833.4,4.379,3.231,3.231,TYR,12
25905,12AA,2835.7,4.079,3.047,3.047,TYR,12
25905,12AA,2835.7,4.079,3.047,3.047,TYR,12
25909,12AA,2526.4,1.689,7.702,7.702,TYR,12
25909,12AA,2526.4,1.689,7.702,7.702,TYR,12
25910,12AA,2835.9,4.139,2.402,2.402,TYR,12
25910,12AA,2835.9,4.139,2.402,2.402,TYR,12
25887,12AA,1726.8,5.66,-0.116,-0.116,VAL,12
25887,12AA,1726.8,5.66,-0.116,-0.116,VAL,12
25888,12AA,1742.9,10.893,0.503,0.503,VAL,12
25888,12AA,1742.9,10.893,0.503,0.503,VAL,12
25889,12AA,1743.9,11.613,1.227,1.227,VAL,12
25889,12AA,1743.9,11.613,1.227,1.227,VAL,12
25890,12AA,1744.3,11.036,0.951,0.951,VAL,12
25890,12AA,1744.3,11.036,0.951,0.951,VAL,12
25891,12AA,1744.9,10.793,0.355,0.355,VAL,12
25891,12AA,1744.9,10.793,0.355,0.355,VAL,12
25898,12AA,1746.4,11.192,0.507,0.507,VAL,12
25898,12AA,1746.4,11.192,0.507,0.507,VAL,12
25905,12AA,1750.4,10.76,0.109,0.109,VAL,12
25905,12AA,1750.4,10.76,0.109,0.109,VAL,12
25909,12AA,1754.1,10.727,-0.1,-0.1,VAL,12
25909,12AA,1754.1,10.727,-0.1,-0.1,VAL,12
25910,12AA,1750.8,10.793,-0.183,-0.183,VAL,12
25910,12AA,1750.8,10.793,-0.183,-0.183,VAL,12
25895,UA_28934,1613.9,21.855,26.078,26.078,ALA,BB
25895,UA_28934,1613.9,21.855,26.078,26.078,ALA,BB
25896,UA_28934,1613.9,22.499,26.12,26.12,ALA,BB
25896,UA_28934,1613.9,22.499,26.12,26.12,ALA,BB
25897,UA_28934,1614.5,22.62,26.12,26.12,ALA,BB
25897,UA_28934,1614.5,22.62,26.12,26.12,ALA,BB
25895,UA_28934,2289,9.368,24.804,24.804,ASP,BB
25895,UA_28934,2289,9.368,24.804,24.804,ASP,BB
25896,UA_28934,2289,9.662,24.911,24.911,ASP,BB
25896,UA_28934,2289,9.662,24.911,24.911,ASP,BB
25897,UA_28934,2289.4,9.759,24.965,24.965,ASP,BB
25897,UA_28934,2289.4,9.759,24.965,24.965,ASP,BB
25895,UA_28934,2424.2,14.423,29.546,29.546,GLU,BB
25895,UA_28934,2424.2,14.423,29.546,29.546,GLU,BB
25896,UA_28934,2424.2,14.897,30.052,30.052,GLU,BB
25896,UA_28934,2424.2,14.897,30.052,30.052,GLU,BB
25897,UA_28934,2424.8,15.143,29.73,29.73,GLU,BB
25897,UA_28934,2424.8,15.143,29.73,29.73,GLU,BB
25895,UA_28934,1702.3,79.1,13.561,13.561,GLY,BB
25895,UA_28934,1702.3,79.1,13.561,13.561,GLY,BB
25896,UA_28934,1702.9,81.342,13.659,13.659,GLY,BB
25896,UA_28934,1702.9,81.342,13.659,13.659,GLY,BB
25897,UA_28934,1703.8,81.957,13.426,13.426,GLY,BB
25897,UA_28934,1703.8,81.957,13.426,13.426,GLY,BB
25895,UA_28934,1879.3,1.643,18.134,18.134,ILE,BB
25895,UA_28934,1879.3,1.643,18.134,18.134,ILE,BB
25896,UA_28934,1879.5,2.294,24.309,24.309,ILE,BB
25896,UA_28934,1879.5,2.294,24.309,24.309,ILE,BB
25897,UA_28934,1880.2,2.323,23.9,23.9,ILE,BB
25897,UA_28934,1880.2,2.323,23.9,23.9,ILE,BB
25895,UA_28934,1845.5,7.113,26.839,26.839,LEU,BB
25895,UA_28934,1845.5,7.113,26.839,26.839,LEU,BB
25896,UA_28934,1845.9,7.341,26.568,26.568,LEU,BB
25896,UA_28934,1845.9,7.341,26.568,26.568,LEU,BB
25897,UA_28934,1846.5,7.461,26.741,26.741,LEU,BB
25897,UA_28934,1846.5,7.461,26.741,26.741,LEU,BB
25895,UA_28934,1943.1,1.933,13.382,13.382,NLE,BB
25895,UA_28934,1943.1,1.933,13.382,13.382,NLE,BB
25896,UA_28934,1943.3,2.028,13.54,13.54,NLE,BB
25896,UA_28934,1943.3,2.028,13.54,13.54,NLE,BB
25897,UA_28934,1943.9,2.993,13.376,13.376,NLE,BB
25897,UA_28934,1943.9,2.993,13.376,13.376,NLE,BB
25895,UA_28934,2502.1,3.818,13.42,13.42,PHE,BB
25895,UA_28934,2502.1,3.818,13.42,13.42,PHE,BB
25896,UA_28934,2501.9,3.929,13.516,13.516,PHE,BB
25896,UA_28934,2501.9,3.929,13.516,13.516,PHE,BB
25897,UA_28934,2502.6,3.98,13.158,13.158,PHE,BB
25897,UA_28934,2502.6,3.98,13.158,13.158,PHE,BB
25895,UA_28934,2240.1,20.096,28.416,28.416,PRO,BB
25895,UA_28934,2240.1,20.096,28.416,28.416,PRO,BB
25896,UA_28934,2240.3,20.736,29.42,29.42,PRO,BB
25896,UA_28934,2240.3,20.736,29.42,29.42,PRO,BB
25897,UA_28934,2240.9,21.058,29.157,29.157,PRO,BB
25897,UA_28934,2240.9,21.058,29.157,29.157,PRO,BB
25895,UA_28934,2306.7,7.638,16.668,16.668,SER,BB
25895,UA_28934,2306.7,7.638,16.668,16.668,SER,BB
25896,UA_28934,2306.7,7.781,17.03,17.03,SER,BB
25896,UA_28934,2306.7,7.781,17.03,17.03,SER,BB
25897,UA_28934,2307.4,7.78,17.228,17.228,SER,BB
25897,UA_28934,2307.4,7.78,17.228,17.228,SER,BB
25895,UA_28934,2261.4,3.124,-3.849,-3.849,THR,BB
25895,UA_28934,2261.4,3.124,-3.849,-3.849,THR,BB
25896,UA_28934,2261.4,3.174,-4.845,-4.845,THR,BB
25896,UA_28934,2261.4,3.174,-4.845,-4.845,THR,BB
25897,UA_28934,2261.8,3.211,-5.897,-5.897,THR,BB
25897,UA_28934,2261.8,3.211,-5.897,-5.897,THR,BB
25895,UA_28934,1749.5,7.013,30.349,30.349,VAL,BB
25895,UA_28934,1749.5,7.013,30.349,30.349,VAL,BB
25896,UA_28934,1749.7,7.202,29.907,29.907,VAL,BB
25896,UA_28934,1749.7,7.202,29.907,29.907,VAL,BB
25897,UA_28934,1750.4,7.274,29.697,29.697,VAL,BB
25897,UA_28934,1750.4,7.274,29.697,29.697,VAL,BB
25906,REP,2420.4,5.262,-5.341,-5.341,GLU,RE
25906,REP,2420.4,5.262,-5.341,-5.341,GLU,RE
25907,REP,2420.8,5.375,-5.433,-5.433,GLU,RE
25907,REP,2420.8,5.375,-5.433,-5.433,GLU,RE
25908,REP,2421.3,5.285,-5.406,-5.406,GLU,RE
25908,REP,2421.3,5.285,-5.406,-5.406,GLU,RE
25906,REP,1680.6,6.872,1.141,1.141,GLY,RE
25906,REP,1680.6,6.872,1.141,1.141,GLY,RE
25907,REP,1680.8,7.085,1.013,1.013,GLY,RE
25907,REP,1680.8,7.085,1.013,1.013,GLY,RE
25908,REP,1681.2,6.957,1.093,1.093,GLY,RE
25908,REP,1681.2,6.957,1.093,1.093,GLY,RE
25906,REP,1845.7,6.999,0.873,0.873,LEU,RE
25906,REP,1845.7,6.999,0.873,0.873,LEU,RE
25907,REP,1846.1,7.269,0.969,0.969,LEU,RE
25907,REP,1846.1,7.269,0.969,0.969,LEU,RE
25908,REP,1846.7,7.148,0.704,0.704,LEU,RE
25908,REP,1846.7,7.148,0.704,0.704,LEU,RE
25906,REP,2236.1,8.694,3.664,3.664,PRO,RE
25906,REP,2236.1,8.694,3.664,3.664,PRO,RE
25907,REP,2236.5,8.851,3.813,3.813,PRO,RE
25907,REP,2236.5,8.851,3.813,3.813,PRO,RE
25908,REP,2237.1,8.798,3.857,3.857,PRO,RE
25908,REP,2237.1,8.798,3.857,3.857,PRO,RE
25892,UA_41617,1611.6,20.039,24.413,24.413,ALA,UA
25892,UA_41617,1611.6,20.039,24.413,24.413,ALA,UA
25893,UA_41617,1612.9,20.62,24.188,24.188,ALA,UA
25893,UA_41617,1612.9,20.62,24.188,24.188,ALA,UA
25894,UA_41617,1613.1,20.495,24.216,24.216,ALA,UA
25894,UA_41617,1613.1,20.495,24.216,24.216,ALA,UA
25892,UA_41617,2286.7,8.648,22.925,22.925,ASP,UA
25892,UA_41617,2286.7,8.648,22.925,22.925,ASP,UA
25893,UA_41617,2287.7,7.868,22.52,22.52,ASP,UA
25893,UA_41617,2287.7,7.868,22.52,22.52,ASP,UA
25894,UA_41617,2287.9,8.717,22.771,22.771,ASP,UA
25894,UA_41617,2287.9,8.717,22.771,22.771,ASP,UA
25892,UA_41617,2421.9,11.731,29.179,29.179,GLU,UA
25892,UA_41617,2421.9,11.731,29.179,29.179,GLU,UA
25893,UA_41617,2422.9,12.205,28.693,28.693,GLU,UA
25893,UA_41617,2422.9,12.205,28.693,28.693,GLU,UA
25894,UA_41617,2423.1,12.127,28.946,28.946,GLU,UA
25894,UA_41617,2423.1,12.127,28.946,28.946,GLU,UA
25892,UA_41617,1698.1,74.372,9.62,9.62,GLY,UA
25892,UA_41617,1698.1,74.372,9.62,9.62,GLY,UA
25893,UA_41617,1700,77.899,10.135,10.135,GLY,UA
25893,UA_41617,1700,77.899,10.135,10.135,GLY,UA
25894,UA_41617,1700.4,76.184,9.572,9.572,GLY,UA
25894,UA_41617,1700.4,76.184,9.572,9.572,GLY,UA
25892,UA_41617,1876,1.189,20.909,20.909,ILE,UA
25892,UA_41617,1876,1.189,20.909,20.909,ILE,UA
25893,UA_41617,1877.2,1.65,28.751,28.751,ILE,UA
25893,UA_41617,1877.2,1.65,28.751,28.751,ILE,UA
25894,UA_41617,1877.7,1.178,20.677,20.677,ILE,UA
25894,UA_41617,1877.7,1.178,20.677,20.677,ILE,UA
25892,UA_41617,1841.9,6.166,26.216,26.216,LEU,UA
25892,UA_41617,1841.9,6.166,26.216,26.216,LEU,UA
25893,UA_41617,1843.4,6.296,27.085,27.085,LEU,UA
25893,UA_41617,1843.4,6.296,27.085,27.085,LEU,UA
25894,UA_41617,1843.8,6.198,26.216,26.216,LEU,UA
25894,UA_41617,1843.8,6.198,26.216,26.216,LEU,UA
25892,UA_41617,1942.4,3.685,13.441,13.441,NLE,UA
25892,UA_41617,1942.4,3.685,13.441,13.441,NLE,UA
25893,UA_41617,1944.1,3.797,13.676,13.676,NLE,UA
25893,UA_41617,1944.1,3.797,13.676,13.676,NLE,UA
25894,UA_41617,1944.7,3.786,13.58,13.58,NLE,UA
25894,UA_41617,1944.7,3.786,13.58,13.58,NLE,UA
25892,UA_41617,2500.3,2.932,9.235,9.235,PHE,UA
25892,UA_41617,2500.3,2.932,9.235,9.235,PHE,UA
25893,UA_41617,2500.9,2.978,8.636,8.636,PHE,UA
25893,UA_41617,2500.9,2.978,8.636,8.636,PHE,UA
25894,UA_41617,2501.3,2.365,5.863,5.863,PHE,UA
25894,UA_41617,2501.3,2.365,5.863,5.863,PHE,UA
25892,UA_41617,2236.9,16.696,26.125,26.125,PRO,UA
25892,UA_41617,2236.9,16.696,26.125,26.125,PRO,UA
25893,UA_41617,2238.2,17.266,25.93,25.93,PRO,UA
25893,UA_41617,2238.2,17.266,25.93,25.93,PRO,UA
25894,UA_41617,2238.4,17.142,26.446,26.446,PRO,UA
25894,UA_41617,2238.4,17.142,26.446,26.446,PRO,UA
25892,UA_41617,2303.2,5.587,14.973,14.973,SER,UA
25892,UA_41617,2303.2,5.587,14.973,14.973,SER,UA
25893,UA_41617,2304.2,4.441,11.341,11.341,SER,UA
25893,UA_41617,2304.2,4.441,11.341,11.341,SER,UA
25894,UA_41617,2304.6,5.871,14.454,14.454,SER,UA
25894,UA_41617,2304.6,5.871,14.454,14.454,SER,UA
25892,UA_41617,2258.2,1.728,-2.87,-2.87,THR,UA
25892,UA_41617,2258.2,1.728,-2.87,-2.87,THR,UA
25893,UA_41617,2259.1,1.842,-1.024,-1.024,THR,UA
25893,UA_41617,2259.1,1.842,-1.024,-1.024,THR,UA
25894,UA_41617,2259.5,1.855,0.698,0.698,THR,UA
25894,UA_41617,2259.5,1.855,0.698,0.698,THR,UA
25892,UA_41617,1745.8,5.54,27.102,27.102,VAL,UA
25892,UA_41617,1745.8,5.54,27.102,27.102,VAL,UA
25893,UA_41617,1747.2,6.459,28.678,28.678,VAL,UA
25893,UA_41617,1747.2,6.459,28.678,28.678,VAL,UA
25894,UA_41617,1747.7,5.803,26.026,26.026,VAL,UA
25894,UA_41617,1747.7,5.803,26.026,26.026,VAL,UA
25902,UA_62894,1612.6,14.031,25.308,25.308,ALA,UA
25902,UA_62894,1612.6,14.031,25.308,25.308,ALA,UA
25903,UA_62894,1613.5,14.116,25.381,25.381,ALA,UA
25903,UA_62894,1613.5,14.116,25.381,25.381,ALA,UA
25904,UA_62894,1614.1,13.803,25.408,25.408,ALA,UA
25904,UA_62894,1614.1,13.803,25.408,25.408,ALA,UA
25902,UA_62894,2287.5,6.083,25.024,25.024,ASP,UA
25902,UA_62894,2287.5,6.083,25.024,25.024,ASP,UA
25903,UA_62894,2288.3,6.103,24.174,24.174,ASP,UA
25903,UA_62894,2288.3,6.103,24.174,24.174,ASP,UA
25904,UA_62894,2288.8,5.926,24.777,24.777,ASP,UA
25904,UA_62894,2288.8,5.926,24.777,24.777,ASP,UA
25902,UA_62894,2422.3,8.904,28.056,28.056,GLU,UA
25902,UA_62894,2422.3,8.904,28.056,28.056,GLU,UA
25903,UA_62894,2423.1,8.961,28.299,28.299,GLU,UA
25903,UA_62894,2423.1,8.961,28.299,28.299,GLU,UA
25904,UA_62894,2423.4,8.749,27.845,27.845,GLU,UA
25904,UA_62894,2423.4,8.749,27.845,27.845,GLU,UA
25902,UA_62894,1698.1,50.652,15.81,15.81,GLY,UA
25902,UA_62894,1698.1,50.652,15.81,15.81,GLY,UA
25903,UA_62894,1699.4,50.582,15.706,15.706,GLY,UA
25903,UA_62894,1699.4,50.582,15.706,15.706,GLY,UA
25904,UA_62894,1699.8,50.04,15.935,15.935,GLY,UA
25904,UA_62894,1699.8,50.04,15.935,15.935,GLY,UA
25902,UA_62894,1878.9,1.293,25.473,25.473,ILE,UA
25902,UA_62894,1878.9,1.293,25.473,25.473,ILE,UA
25903,UA_62894,1880,1.035,22.148,22.148,ILE,UA
25903,UA_62894,1880,1.035,22.148,22.148,ILE,UA
25904,UA_62894,1880.6,1.24,23.631,23.631,ILE,UA
25904,UA_62894,1880.6,1.24,23.631,23.631,ILE,UA
25902,UA_62894,1843.8,4.24,26.379,26.379,LEU,UA
25902,UA_62894,1843.8,4.24,26.379,26.379,LEU,UA
25903,UA_62894,1844.6,4.245,25.522,25.522,LEU,UA
25903,UA_62894,1844.6,4.245,25.522,25.522,LEU,UA
25904,UA_62894,1845.5,4.14,25.771,25.771,LEU,UA
25904,UA_62894,1845.5,4.14,25.771,25.771,LEU,UA
25902,UA_62894,1944.1,2.111,15.274,15.274,NLE,UA
25902,UA_62894,1944.1,2.111,15.274,15.274,NLE,UA
25903,UA_62894,1945.2,2.132,14.431,14.431,NLE,UA
25903,UA_62894,1945.2,2.132,14.431,14.431,NLE,UA
25904,UA_62894,1946,2.102,15.322,15.322,NLE,UA
25904,UA_62894,1946,2.102,15.322,15.322,NLE,UA
25902,UA_62894,2501.3,1.67,16.982,16.982,PHE,UA
25902,UA_62894,2501.3,1.67,16.982,16.982,PHE,UA
25903,UA_62894,2502.1,1.672,14.18,14.18,PHE,UA
25903,UA_62894,2502.1,1.672,14.18,14.18,PHE,UA
25904,UA_62894,2502.4,1.607,12.525,12.525,PHE,UA
25904,UA_62894,2502.4,1.607,12.525,12.525,PHE,UA
25902,UA_62894,2237.6,11.541,30.751,30.751,PRO,UA
25902,UA_62894,2237.6,11.541,30.751,30.751,PRO,UA
25903,UA_62894,2238.4,11.619,30.524,30.524,PRO,UA
25903,UA_62894,2238.4,11.619,30.524,30.524,PRO,UA
25904,UA_62894,2238.8,11.32,30.4,30.4,PRO,UA
25904,UA_62894,2238.8,11.32,30.4,30.4,PRO,UA
25902,UA_62894,2304,4.063,17.442,17.442,SER,UA
25902,UA_62894,2304,4.063,17.442,17.442,SER,UA
25903,UA_62894,2304.9,4.228,17.092,17.092,SER,UA
25903,UA_62894,2304.9,4.228,17.092,17.092,SER,UA
25904,UA_62894,2305.3,4.114,17.766,17.766,SER,UA
25904,UA_62894,2305.3,4.114,17.766,17.766,SER,UA
25902,UA_62894,2260.1,1.372,-0.087,-0.087,THR,UA
25902,UA_62894,2260.1,1.372,-0.087,-0.087,THR,UA
25903,UA_62894,2261,1.423,1.011,1.011,THR,UA
25903,UA_62894,2261,1.423,1.011,1.011,THR,UA
25904,UA_62894,2261.4,1.426,1.857,1.857,THR,UA
25904,UA_62894,2261.4,1.426,1.857,1.857,THR,UA
25902,UA_62894,1748.1,3.966,28.266,28.266,VAL,UA
25902,UA_62894,1748.1,3.966,28.266,28.266,VAL,UA
25903,UA_62894,1748.9,4.711,27.688,27.688,VAL,UA
25903,UA_62894,1748.9,4.711,27.688,27.688,VAL,UA
25904,UA_62894,1749.5,4.032,28.025,28.025,VAL,UA
25904,UA_62894,1749.5,4.032,28.025,28.025,VAL,UA
25899,UA_92555,1614.3,24,25.385,25.385,ALA,UA
25899,UA_92555,1614.3,24,25.385,25.385,ALA,UA
25900,UA_92555,1615.4,25.173,25.441,25.441,ALA,UA
25900,UA_92555,1615.4,25.173,25.441,25.441,ALA,UA
25901,UA_92555,1616,25.049,25.464,25.464,ALA,UA
25901,UA_92555,1616,25.049,25.464,25.464,ALA,UA
25899,UA_92555,2289.2,10.001,23.361,23.361,ASP,UA
25899,UA_92555,2289.2,10.001,23.361,23.361,ASP,UA
25900,UA_92555,2290.2,10.417,23.955,23.955,ASP,UA
25900,UA_92555,2290.2,10.417,23.955,23.955,ASP,UA
25901,UA_92555,2290.8,10.383,23.425,23.425,ASP,UA
25901,UA_92555,2290.8,10.383,23.425,23.425,ASP,UA
25899,UA_92555,2424,14.009,27.284,27.284,GLU,UA
25899,UA_92555,2424,14.009,27.284,27.284,GLU,UA
25900,UA_92555,2425,14.661,27.83,27.83,GLU,UA
25900,UA_92555,2425,14.661,27.83,27.83,GLU,UA
25901,UA_92555,2425.4,14.646,27.629,27.629,GLU,UA
25901,UA_92555,2425.4,14.646,27.629,27.629,GLU,UA
25899,UA_92555,1704.4,82.126,14.329,14.329,GLY,UA
25899,UA_92555,1704.4,82.126,14.329,14.329,GLY,UA
25900,UA_92555,1706.5,87.48,14.853,14.853,GLY,UA
25900,UA_92555,1706.5,87.48,14.853,14.853,GLY,UA
25901,UA_92555,1707.3,87.379,14.77,14.77,GLY,UA
25901,UA_92555,1707.3,87.379,14.77,14.77,GLY,UA
25899,UA_92555,1878.7,1.508,23.125,23.125,ILE,UA
25899,UA_92555,1878.7,1.508,23.125,23.125,ILE,UA
25900,UA_92555,1880,1.556,24.246,24.246,ILE,UA
25900,UA_92555,1880,1.556,24.246,24.246,ILE,UA
25901,UA_92555,1880.8,1.269,19.277,19.277,ILE,UA
25901,UA_92555,1880.8,1.269,19.277,19.277,ILE,UA
25899,UA_92555,1844.8,5.92,25.65,25.65,LEU,UA
25899,UA_92555,1844.8,5.92,25.65,25.65,LEU,UA
25900,UA_92555,1846.3,6.174,26.096,26.096,LEU,UA
25900,UA_92555,1846.3,6.174,26.096,26.096,LEU,UA
25901,UA_92555,1847.1,6.169,26.134,26.134,LEU,UA
25901,UA_92555,1847.1,6.169,26.134,26.134,LEU,UA
25899,UA_92555,1946.2,4.18,16.199,16.199,NLE,UA
25899,UA_92555,1946.2,4.18,16.199,16.199,NLE,UA
25900,UA_92555,1947.7,4.316,15.327,15.327,NLE,UA
25900,UA_92555,1947.7,4.316,15.327,15.327,NLE,UA
25901,UA_92555,1948.5,4.291,15.773,15.773,NLE,UA
25901,UA_92555,1948.5,4.291,15.773,15.773,NLE,UA
25899,UA_92555,2501.5,2.606,13.007,13.007,PHE,UA
25899,UA_92555,2501.5,2.606,13.007,13.007,PHE,UA
25900,UA_92555,2502.4,2.71,15.788,15.788,PHE,UA
25900,UA_92555,2502.4,2.71,15.788,15.788,PHE,UA
25901,UA_92555,2502.8,2.711,14.855,14.855,PHE,UA
25901,UA_92555,2502.8,2.711,14.855,14.855,PHE,UA
25899,UA_92555,2240.7,21.387,29.648,29.648,PRO,UA
25899,UA_92555,2240.7,21.387,29.648,29.648,PRO,UA
25900,UA_92555,2241.9,22.261,29.702,29.702,PRO,UA
25900,UA_92555,2241.9,22.261,29.702,29.702,PRO,UA
25901,UA_92555,2242.6,22.106,29.795,29.795,PRO,UA
25901,UA_92555,2242.6,22.106,29.795,29.795,PRO,UA
25899,UA_92555,2305.9,6.656,14.903,14.903,SER,UA
25899,UA_92555,2305.9,6.656,14.903,14.903,SER,UA
25900,UA_92555,2306.9,6.945,14.5,14.5,SER,UA
25900,UA_92555,2306.9,6.945,14.5,14.5,SER,UA
25901,UA_92555,2307.6,7.026,14.86,14.86,SER,UA
25901,UA_92555,2307.6,7.026,14.86,14.86,SER,UA
25899,UA_92555,2260.3,2.406,-6.117,-6.117,THR,UA
25899,UA_92555,2260.3,2.406,-6.117,-6.117,THR,UA
25900,UA_92555,2261.4,2.54,-4.042,-4.042,THR,UA
25900,UA_92555,2261.4,2.54,-4.042,-4.042,THR,UA
25901,UA_92555,2261.8,2.592,-4.353,-4.353,THR,UA
25901,UA_92555,2261.8,2.592,-4.353,-4.353,THR,UA
25899,UA_92555,1750,5.351,27.39,27.39,VAL,UA
25899,UA_92555,1750,5.351,27.39,27.39,VAL,UA
25900,UA_92555,1751.4,6.646,28.835,28.835,VAL,UA
25900,UA_92555,1751.4,6.646,28.835,28.835,VAL,UA
25901,UA_92555,1752,6.757,29.287,29.287,VAL,UA
25901,UA_92555,1752,6.757,29.287,29.287,VAL,UA